Condition,Model,Step,Actual,Predicted
35Hz12kN,Random Forest,0,0.9978,0.8555
35Hz12kN,Random Forest,1,0.9977,0.8576
35Hz12kN,Random Forest,2,0.9979,0.8573
35Hz12kN,Random Forest,3,0.9975,0.8527
35Hz12kN,Random Forest,4,0.9974,0.8554
35Hz12kN,Random Forest,5,0.9969,0.8571
35Hz12kN,Random Forest,6,0.9965,0.8508
35Hz12kN,Random Forest,7,0.9954,0.8505
35Hz12kN,Random Forest,8,0.9949,0.8505
35Hz12kN,Random Forest,9,0.994,0.8532
35Hz12kN,Random Forest,10,0.9929,0.8509
35Hz12kN,Random Forest,11,0.9914,0.8509
35Hz12kN,Random Forest,12,0.9858,0.8456
35Hz12kN,Random Forest,13,0.9691,0.8452
35Hz12kN,Random Forest,14,0.9441,0.8494
35Hz12kN,Random Forest,15,0.9271,0.8389
35Hz12kN,Random Forest,16,0.9117,0.8014
35Hz12kN,Random Forest,17,0.8687,0.7753
35Hz12kN,Random Forest,18,0.813,0.7659
35Hz12kN,Random Forest,19,0.7874,0.7606
35Hz12kN,Random Forest,20,0.7347,0.7204
35Hz12kN,Random Forest,21,0.6861,0.6181
35Hz12kN,Random Forest,22,0.6619,0.6309
35Hz12kN,Random Forest,23,0.6555,0.5918
35Hz12kN,Random Forest,24,0.6208,0.55
35Hz12kN,Random Forest,25,0.6054,0.5619
35Hz12kN,Random Forest,26,0.5719,0.5324
35Hz12kN,Random Forest,27,0.5457,0.5342
35Hz12kN,Random Forest,28,0.4692,0.5431
35Hz12kN,Random Forest,29,0.3561,0.5338
35Hz12kN,Random Forest,30,0.3039,0.5158
35Hz12kN,Random Forest,31,0.2381,0.4925
35Hz12kN,BiLSTM+Attn,0,0.9978,0.9749
35Hz12kN,BiLSTM+Attn,1,0.9977,0.9745
35Hz12kN,BiLSTM+Attn,2,0.9979,0.9739
35Hz12kN,BiLSTM+Attn,3,0.9975,0.972
35Hz12kN,BiLSTM+Attn,4,0.9974,0.9712
35Hz12kN,BiLSTM+Attn,5,0.9969,0.9705
35Hz12kN,BiLSTM+Attn,6,0.9965,0.9719
35Hz12kN,BiLSTM+Attn,7,0.9954,0.9731
35Hz12kN,BiLSTM+Attn,8,0.9949,0.974
35Hz12kN,BiLSTM+Attn,9,0.994,0.9667
35Hz12kN,BiLSTM+Attn,10,0.9929,0.9666
35Hz12kN,BiLSTM+Attn,11,0.9914,0.9673
35Hz12kN,BiLSTM+Attn,12,0.9858,0.9594
35Hz12kN,BiLSTM+Attn,13,0.9691,0.9598
35Hz12kN,BiLSTM+Attn,14,0.9441,0.95
35Hz12kN,BiLSTM+Attn,15,0.9271,0.9276
35Hz12kN,BiLSTM+Attn,16,0.9117,0.9017
35Hz12kN,BiLSTM+Attn,17,0.8687,0.8449
35Hz12kN,BiLSTM+Attn,18,0.813,0.8165
35Hz12kN,BiLSTM+Attn,19,0.7874,0.7932
35Hz12kN,BiLSTM+Attn,20,0.7347,0.7376
35Hz12kN,BiLSTM+Attn,21,0.6861,0.6626
35Hz12kN,BiLSTM+Attn,22,0.6619,0.6024
35Hz12kN,BiLSTM+Attn,23,0.6555,0.5633
35Hz12kN,BiLSTM+Attn,24,0.6208,0.5594
35Hz12kN,BiLSTM+Attn,25,0.6054,0.5526
35Hz12kN,BiLSTM+Attn,26,0.5719,0.5278
35Hz12kN,BiLSTM+Attn,27,0.5457,0.5149
35Hz12kN,BiLSTM+Attn,28,0.4692,0.4812
35Hz12kN,BiLSTM+Attn,29,0.3561,0.4214
35Hz12kN,BiLSTM+Attn,30,0.3039,0.366
35Hz12kN,BiLSTM+Attn,31,0.2381,0.1877
35Hz12kN,CNN-BiLSTM+Attn,0,0.9978,0.9944
35Hz12kN,CNN-BiLSTM+Attn,1,0.9977,0.9942
35Hz12kN,CNN-BiLSTM+Attn,2,0.9979,0.994
35Hz12kN,CNN-BiLSTM+Attn,3,0.9975,0.9939
35Hz12kN,CNN-BiLSTM+Attn,4,0.9974,0.9937
35Hz12kN,CNN-BiLSTM+Attn,5,0.9969,0.9935
35Hz12kN,CNN-BiLSTM+Attn,6,0.9965,0.9933
35Hz12kN,CNN-BiLSTM+Attn,7,0.9954,0.9931
35Hz12kN,CNN-BiLSTM+Attn,8,0.9949,0.9929
35Hz12kN,CNN-BiLSTM+Attn,9,0.994,0.9917
35Hz12kN,CNN-BiLSTM+Attn,10,0.9929,0.9921
35Hz12kN,CNN-BiLSTM+Attn,11,0.9914,0.9915
35Hz12kN,CNN-BiLSTM+Attn,12,0.9858,0.9892
35Hz12kN,CNN-BiLSTM+Attn,13,0.9691,0.9893
35Hz12kN,CNN-BiLSTM+Attn,14,0.9441,0.9846
35Hz12kN,CNN-BiLSTM+Attn,15,0.9271,0.9783
35Hz12kN,CNN-BiLSTM+Attn,16,0.9117,0.9662
35Hz12kN,CNN-BiLSTM+Attn,17,0.8687,0.9451
35Hz12kN,CNN-BiLSTM+Attn,18,0.813,0.9107
35Hz12kN,CNN-BiLSTM+Attn,19,0.7874,0.8542
35Hz12kN,CNN-BiLSTM+Attn,20,0.7347,0.7701
35Hz12kN,CNN-BiLSTM+Attn,21,0.6861,0.6995
35Hz12kN,CNN-BiLSTM+Attn,22,0.6619,0.6505
35Hz12kN,CNN-BiLSTM+Attn,23,0.6555,0.6431
35Hz12kN,CNN-BiLSTM+Attn,24,0.6208,0.6036
35Hz12kN,CNN-BiLSTM+Attn,25,0.6054,0.5463
35Hz12kN,CNN-BiLSTM+Attn,26,0.5719,0.5095
35Hz12kN,CNN-BiLSTM+Attn,27,0.5457,0.478
35Hz12kN,CNN-BiLSTM+Attn,28,0.4692,0.4222
35Hz12kN,CNN-BiLSTM+Attn,29,0.3561,0.3496
35Hz12kN,CNN-BiLSTM+Attn,30,0.3039,0.317
35Hz12kN,CNN-BiLSTM+Attn,31,0.2381,0.2652
37.5Hz11kN,Random Forest,0,0.9847,0.8537
37.5Hz11kN,Random Forest,1,0.9848,0.8522
37.5Hz11kN,Random Forest,2,0.9849,0.8504
37.5Hz11kN,Random Forest,3,0.9855,0.855
37.5Hz11kN,Random Forest,4,0.9859,0.86
37.5Hz11kN,Random Forest,5,0.9857,0.8575
37.5Hz11kN,Random Forest,6,0.9861,0.8618
37.5Hz11kN,Random Forest,7,0.9859,0.8589
37.5Hz11kN,Random Forest,8,0.9859,0.8563
37.5Hz11kN,Random Forest,9,0.9864,0.8629
37.5Hz11kN,Random Forest,10,0.9864,0.8595
37.5Hz11kN,Random Forest,11,0.9864,0.8625
37.5Hz11kN,Random Forest,12,0.9878,0.8581
37.5Hz11kN,Random Forest,13,0.9881,0.8604
37.5Hz11kN,Random Forest,14,0.9881,0.8636
37.5Hz11kN,Random Forest,15,0.9891,0.8697
37.5Hz11kN,Random Forest,16,0.9891,0.8692
37.5Hz11kN,Random Forest,17,0.9883,0.8669
37.5Hz11kN,Random Forest,18,0.989,0.8695
37.5Hz11kN,Random Forest,19,0.9907,0.8655
37.5Hz11kN,Random Forest,20,0.9913,0.8651
37.5Hz11kN,Random Forest,21,0.9929,0.8696
37.5Hz11kN,Random Forest,22,0.9944,0.8762
37.5Hz11kN,Random Forest,23,0.9954,0.877
37.5Hz11kN,Random Forest,24,0.9949,0.8777
37.5Hz11kN,Random Forest,25,0.9953,0.878
37.5Hz11kN,Random Forest,26,0.9947,0.8783
37.5Hz11kN,Random Forest,27,0.9944,0.8768
37.5Hz11kN,Random Forest,28,0.9944,0.8818
37.5Hz11kN,Random Forest,29,0.994,0.879
37.5Hz11kN,Random Forest,30,0.9939,0.8805
37.5Hz11kN,Random Forest,31,0.9935,0.8823
37.5Hz11kN,Random Forest,32,0.9932,0.8791
37.5Hz11kN,Random Forest,33,0.9923,0.8824
37.5Hz11kN,Random Forest,34,0.9926,0.8774
37.5Hz11kN,Random Forest,35,0.9925,0.8801
37.5Hz11kN,Random Forest,36,0.9934,0.8804
37.5Hz11kN,Random Forest,37,0.9939,0.8793
37.5Hz11kN,Random Forest,38,0.9948,0.8821
37.5Hz11kN,Random Forest,39,0.9949,0.8815
37.5Hz11kN,Random Forest,40,0.9946,0.8808
37.5Hz11kN,Random Forest,41,0.9943,0.8811
37.5Hz11kN,Random Forest,42,0.9939,0.8797
37.5Hz11kN,Random Forest,43,0.994,0.8823
37.5Hz11kN,Random Forest,44,0.995,0.8817
37.5Hz11kN,Random Forest,45,0.9961,0.8814
37.5Hz11kN,Random Forest,46,0.9961,0.8823
37.5Hz11kN,Random Forest,47,0.9971,0.8831
37.5Hz11kN,Random Forest,48,0.9965,0.8842
37.5Hz11kN,Random Forest,49,0.9964,0.8833
37.5Hz11kN,Random Forest,50,0.9954,0.8825
37.5Hz11kN,Random Forest,51,0.9954,0.8835
37.5Hz11kN,Random Forest,52,0.9946,0.8818
37.5Hz11kN,Random Forest,53,0.9947,0.8827
37.5Hz11kN,Random Forest,54,0.9945,0.8812
37.5Hz11kN,Random Forest,55,0.9946,0.8818
37.5Hz11kN,Random Forest,56,0.9945,0.8825
37.5Hz11kN,Random Forest,57,0.9947,0.8837
37.5Hz11kN,Random Forest,58,0.9944,0.884
37.5Hz11kN,Random Forest,59,0.9946,0.8809
37.5Hz11kN,Random Forest,60,0.995,0.8822
37.5Hz11kN,Random Forest,61,0.9954,0.8793
37.5Hz11kN,Random Forest,62,0.9953,0.883
37.5Hz11kN,Random Forest,63,0.9955,0.8825
37.5Hz11kN,Random Forest,64,0.9951,0.8832
37.5Hz11kN,Random Forest,65,0.9946,0.8817
37.5Hz11kN,Random Forest,66,0.9952,0.8817
37.5Hz11kN,Random Forest,67,0.996,0.8815
37.5Hz11kN,Random Forest,68,0.9967,0.8831
37.5Hz11kN,Random Forest,69,0.9967,0.8835
37.5Hz11kN,Random Forest,70,0.9966,0.8832
37.5Hz11kN,Random Forest,71,0.996,0.8828
37.5Hz11kN,Random Forest,72,0.9956,0.8829
37.5Hz11kN,Random Forest,73,0.995,0.8825
37.5Hz11kN,Random Forest,74,0.9958,0.8817
37.5Hz11kN,Random Forest,75,0.9963,0.8837
37.5Hz11kN,Random Forest,76,0.9967,0.8835
37.5Hz11kN,Random Forest,77,0.9967,0.884
37.5Hz11kN,Random Forest,78,0.9976,0.8829
37.5Hz11kN,Random Forest,79,0.9977,0.8843
37.5Hz11kN,Random Forest,80,0.9981,0.8843
37.5Hz11kN,Random Forest,81,0.9985,0.8881
37.5Hz11kN,Random Forest,82,0.9993,0.8897
37.5Hz11kN,Random Forest,83,0.999,0.8885
37.5Hz11kN,Random Forest,84,0.9988,0.8885
37.5Hz11kN,Random Forest,85,0.9984,0.8885
37.5Hz11kN,Random Forest,86,0.9985,0.8861
37.5Hz11kN,Random Forest,87,0.9986,0.8873
37.5Hz11kN,Random Forest,88,0.9988,0.886
37.5Hz11kN,Random Forest,89,0.9983,0.8874
37.5Hz11kN,Random Forest,90,0.998,0.8892
37.5Hz11kN,Random Forest,91,0.9977,0.888
37.5Hz11kN,Random Forest,92,0.9969,0.8858
37.5Hz11kN,Random Forest,93,0.9965,0.8844
37.5Hz11kN,Random Forest,94,0.9968,0.8849
37.5Hz11kN,Random Forest,95,0.9976,0.8845
37.5Hz11kN,Random Forest,96,0.9969,0.8843
37.5Hz11kN,Random Forest,97,0.9967,0.884
37.5Hz11kN,Random Forest,98,0.993,0.8859
37.5Hz11kN,Random Forest,99,0.9872,0.8847
37.5Hz11kN,Random Forest,100,0.9803,0.8832
37.5Hz11kN,Random Forest,101,0.9743,0.8714
37.5Hz11kN,Random Forest,102,0.9688,0.8482
37.5Hz11kN,Random Forest,103,0.9661,0.8314
37.5Hz11kN,Random Forest,104,0.9655,0.8253
37.5Hz11kN,Random Forest,105,0.9656,0.8242
37.5Hz11kN,Random Forest,106,0.9657,0.8212
37.5Hz11kN,Random Forest,107,0.9654,0.8185
37.5Hz11kN,Random Forest,108,0.9649,0.821
37.5Hz11kN,Random Forest,109,0.9649,0.8172
37.5Hz11kN,Random Forest,110,0.9646,0.8137
37.5Hz11kN,Random Forest,111,0.964,0.81
37.5Hz11kN,Random Forest,112,0.9632,0.8061
37.5Hz11kN,Random Forest,113,0.9632,0.8049
37.5Hz11kN,Random Forest,114,0.9627,0.8056
37.5Hz11kN,Random Forest,115,0.9618,0.8051
37.5Hz11kN,Random Forest,116,0.9617,0.8023
37.5Hz11kN,Random Forest,117,0.9619,0.8017
37.5Hz11kN,Random Forest,118,0.9614,0.8001
37.5Hz11kN,Random Forest,119,0.961,0.7989
37.5Hz11kN,Random Forest,120,0.9612,0.7985
37.5Hz11kN,Random Forest,121,0.9606,0.7953
37.5Hz11kN,Random Forest,122,0.9602,0.7972
37.5Hz11kN,Random Forest,123,0.9584,0.7951
37.5Hz11kN,Random Forest,124,0.9562,0.795
37.5Hz11kN,Random Forest,125,0.9537,0.7961
37.5Hz11kN,Random Forest,126,0.9516,0.7909
37.5Hz11kN,Random Forest,127,0.9492,0.7868
37.5Hz11kN,Random Forest,128,0.9477,0.7862
37.5Hz11kN,Random Forest,129,0.947,0.7848
37.5Hz11kN,Random Forest,130,0.9465,0.7842
37.5Hz11kN,Random Forest,131,0.9455,0.7863
37.5Hz11kN,Random Forest,132,0.945,0.7849
37.5Hz11kN,Random Forest,133,0.9453,0.781
37.5Hz11kN,Random Forest,134,0.9447,0.7801
37.5Hz11kN,Random Forest,135,0.9442,0.7783
37.5Hz11kN,Random Forest,136,0.9439,0.7828
37.5Hz11kN,Random Forest,137,0.9429,0.7812
37.5Hz11kN,Random Forest,138,0.9422,0.7781
37.5Hz11kN,Random Forest,139,0.9414,0.778
37.5Hz11kN,Random Forest,140,0.941,0.7793
37.5Hz11kN,Random Forest,141,0.9404,0.7815
37.5Hz11kN,Random Forest,142,0.9354,0.775
37.5Hz11kN,Random Forest,143,0.9298,0.7728
37.5Hz11kN,Random Forest,144,0.9237,0.7682
37.5Hz11kN,Random Forest,145,0.9172,0.757
37.5Hz11kN,Random Forest,146,0.9086,0.7383
37.5Hz11kN,Random Forest,147,0.9049,0.7292
37.5Hz11kN,Random Forest,148,0.901,0.7267
37.5Hz11kN,Random Forest,149,0.8973,0.7117
37.5Hz11kN,Random Forest,150,0.8937,0.707
37.5Hz11kN,Random Forest,151,0.8918,0.703
37.5Hz11kN,Random Forest,152,0.8896,0.6989
37.5Hz11kN,Random Forest,153,0.8879,0.6966
37.5Hz11kN,Random Forest,154,0.8861,0.6949
37.5Hz11kN,Random Forest,155,0.8841,0.6928
37.5Hz11kN,Random Forest,156,0.882,0.693
37.5Hz11kN,Random Forest,157,0.8797,0.6904
37.5Hz11kN,Random Forest,158,0.8772,0.6853
37.5Hz11kN,Random Forest,159,0.8748,0.6801
37.5Hz11kN,Random Forest,160,0.8684,0.6817
37.5Hz11kN,Random Forest,161,0.8596,0.6803
37.5Hz11kN,Random Forest,162,0.8508,0.6757
37.5Hz11kN,Random Forest,163,0.8399,0.6633
37.5Hz11kN,Random Forest,164,0.8294,0.6438
37.5Hz11kN,Random Forest,165,0.8222,0.6336
37.5Hz11kN,Random Forest,166,0.8156,0.619
37.5Hz11kN,Random Forest,167,0.8071,0.6103
37.5Hz11kN,Random Forest,168,0.7941,0.6039
37.5Hz11kN,Random Forest,169,0.7786,0.5819
37.5Hz11kN,Random Forest,170,0.76,0.5594
37.5Hz11kN,Random Forest,171,0.7399,0.5451
37.5Hz11kN,Random Forest,172,0.7217,0.5294
37.5Hz11kN,Random Forest,173,0.7076,0.5167
37.5Hz11kN,Random Forest,174,0.6965,0.4958
37.5Hz11kN,Random Forest,175,0.6905,0.476
37.5Hz11kN,Random Forest,176,0.6863,0.4627
37.5Hz11kN,Random Forest,177,0.6834,0.452
37.5Hz11kN,Random Forest,178,0.6804,0.4495
37.5Hz11kN,Random Forest,179,0.682,0.4415
37.5Hz11kN,Random Forest,180,0.6726,0.4486
37.5Hz11kN,Random Forest,181,0.668,0.4492
37.5Hz11kN,Random Forest,182,0.6633,0.4921
37.5Hz11kN,Random Forest,183,0.6685,0.5146
37.5Hz11kN,Random Forest,184,0.6804,0.5329
37.5Hz11kN,Random Forest,185,0.7092,0.5509
37.5Hz11kN,Random Forest,186,0.7391,0.5616
37.5Hz11kN,Random Forest,187,0.7701,0.6034
37.5Hz11kN,Random Forest,188,0.7948,0.6326
37.5Hz11kN,Random Forest,189,0.807,0.659
37.5Hz11kN,Random Forest,190,0.8125,0.6883
37.5Hz11kN,Random Forest,191,0.8152,0.6937
37.5Hz11kN,Random Forest,192,0.8102,0.6809
37.5Hz11kN,Random Forest,193,0.8038,0.6799
37.5Hz11kN,Random Forest,194,0.7986,0.6835
37.5Hz11kN,Random Forest,195,0.7952,0.667
37.5Hz11kN,Random Forest,196,0.7889,0.6627
37.5Hz11kN,Random Forest,197,0.7884,0.6598
37.5Hz11kN,Random Forest,198,0.7882,0.6499
37.5Hz11kN,Random Forest,199,0.7903,0.6484
37.5Hz11kN,Random Forest,200,0.7916,0.6443
37.5Hz11kN,Random Forest,201,0.7951,0.6445
37.5Hz11kN,Random Forest,202,0.799,0.6432
37.5Hz11kN,Random Forest,203,0.8035,0.6471
37.5Hz11kN,Random Forest,204,0.8062,0.6458
37.5Hz11kN,Random Forest,205,0.8087,0.6409
37.5Hz11kN,Random Forest,206,0.8003,0.6443
37.5Hz11kN,Random Forest,207,0.7883,0.6401
37.5Hz11kN,Random Forest,208,0.775,0.6365
37.5Hz11kN,Random Forest,209,0.7584,0.5609
37.5Hz11kN,Random Forest,210,0.7392,0.5695
37.5Hz11kN,Random Forest,211,0.7298,0.535
37.5Hz11kN,Random Forest,212,0.7242,0.5072
37.5Hz11kN,Random Forest,213,0.7177,0.5067
37.5Hz11kN,Random Forest,214,0.7139,0.499
37.5Hz11kN,Random Forest,215,0.7038,0.4907
37.5Hz11kN,Random Forest,216,0.6915,0.4751
37.5Hz11kN,Random Forest,217,0.6766,0.4463
37.5Hz11kN,Random Forest,218,0.6629,0.4416
37.5Hz11kN,Random Forest,219,0.6479,0.4434
37.5Hz11kN,Random Forest,220,0.642,0.4344
37.5Hz11kN,Random Forest,221,0.6323,0.4171
37.5Hz11kN,Random Forest,222,0.6255,0.3983
37.5Hz11kN,Random Forest,223,0.6205,0.3951
37.5Hz11kN,Random Forest,224,0.6102,0.3678
37.5Hz11kN,Random Forest,225,0.5988,0.3315
37.5Hz11kN,Random Forest,226,0.5921,0.3222
37.5Hz11kN,Random Forest,227,0.5838,0.3052
37.5Hz11kN,Random Forest,228,0.573,0.2834
37.5Hz11kN,Random Forest,229,0.5676,0.2861
37.5Hz11kN,Random Forest,230,0.562,0.2799
37.5Hz11kN,Random Forest,231,0.5568,0.2503
37.5Hz11kN,Random Forest,232,0.5519,0.2473
37.5Hz11kN,Random Forest,233,0.5464,0.244
37.5Hz11kN,Random Forest,234,0.5424,0.2421
37.5Hz11kN,Random Forest,235,0.5429,0.2418
37.5Hz11kN,Random Forest,236,0.5422,0.2298
37.5Hz11kN,Random Forest,237,0.5411,0.2108
37.5Hz11kN,Random Forest,238,0.5413,0.2087
37.5Hz11kN,Random Forest,239,0.5391,0.2081
37.5Hz11kN,Random Forest,240,0.5324,0.2166
37.5Hz11kN,Random Forest,241,0.529,0.2149
37.5Hz11kN,Random Forest,242,0.5281,0.233
37.5Hz11kN,Random Forest,243,0.5258,0.2584
37.5Hz11kN,Random Forest,244,0.5205,0.2863
37.5Hz11kN,Random Forest,245,0.5174,0.3027
37.5Hz11kN,Random Forest,246,0.5089,0.3263
37.5Hz11kN,Random Forest,247,0.5006,0.3361
37.5Hz11kN,Random Forest,248,0.4938,0.3824
37.5Hz11kN,Random Forest,249,0.4906,0.4169
37.5Hz11kN,Random Forest,250,0.4844,0.4049
37.5Hz11kN,Random Forest,251,0.4775,0.4231
37.5Hz11kN,Random Forest,252,0.4661,0.4431
37.5Hz11kN,Random Forest,253,0.4588,0.4708
37.5Hz11kN,Random Forest,254,0.4518,0.4849
37.5Hz11kN,Random Forest,255,0.4416,0.4824
37.5Hz11kN,Random Forest,256,0.4344,0.5186
37.5Hz11kN,Random Forest,257,0.4291,0.5025
37.5Hz11kN,Random Forest,258,0.4198,0.5074
37.5Hz11kN,Random Forest,259,0.4363,0.501
37.5Hz11kN,Random Forest,260,0.4594,0.4906
37.5Hz11kN,Random Forest,261,0.4786,0.5072
37.5Hz11kN,Random Forest,262,0.4977,0.5035
37.5Hz11kN,Random Forest,263,0.5147,0.5025
37.5Hz11kN,Random Forest,264,0.5001,0.4929
37.5Hz11kN,Random Forest,265,0.4821,0.487
37.5Hz11kN,Random Forest,266,0.4717,0.4973
37.5Hz11kN,Random Forest,267,0.4647,0.4734
37.5Hz11kN,Random Forest,268,0.4661,0.4466
37.5Hz11kN,Random Forest,269,0.4754,0.4198
37.5Hz11kN,Random Forest,270,0.4884,0.4297
37.5Hz11kN,Random Forest,271,0.4918,0.4059
37.5Hz11kN,Random Forest,272,0.4901,0.3919
37.5Hz11kN,Random Forest,273,0.4824,0.3834
37.5Hz11kN,Random Forest,274,0.4725,0.3661
37.5Hz11kN,Random Forest,275,0.4571,0.362
37.5Hz11kN,Random Forest,276,0.4518,0.3606
37.5Hz11kN,Random Forest,277,0.4479,0.349
37.5Hz11kN,Random Forest,278,0.4389,0.3475
37.5Hz11kN,Random Forest,279,0.4331,0.3372
37.5Hz11kN,Random Forest,280,0.4261,0.352
37.5Hz11kN,Random Forest,281,0.4097,0.334
37.5Hz11kN,Random Forest,282,0.3929,0.3469
37.5Hz11kN,Random Forest,283,0.3773,0.3524
37.5Hz11kN,Random Forest,284,0.3563,0.3598
37.5Hz11kN,Random Forest,285,0.334,0.3543
37.5Hz11kN,Random Forest,286,0.3019,0.3623
37.5Hz11kN,Random Forest,287,0.269,0.3525
37.5Hz11kN,Random Forest,288,0.2436,0.3596
37.5Hz11kN,Random Forest,289,0.2273,0.3702
37.5Hz11kN,Random Forest,290,0.2128,0.3551
37.5Hz11kN,Random Forest,291,0.2158,0.3661
37.5Hz11kN,Random Forest,292,0.2182,0.3674
37.5Hz11kN,Random Forest,293,0.2181,0.3811
37.5Hz11kN,Random Forest,294,0.2096,0.3763
37.5Hz11kN,Random Forest,295,0.2014,0.3878
37.5Hz11kN,Random Forest,296,0.1917,0.4255
37.5Hz11kN,Random Forest,297,0.1859,0.4464
37.5Hz11kN,Random Forest,298,0.1805,0.4524
37.5Hz11kN,Random Forest,299,0.1754,0.4375
37.5Hz11kN,Random Forest,300,0.1705,0.4358
37.5Hz11kN,Random Forest,301,0.1904,0.4555
37.5Hz11kN,Random Forest,302,0.2178,0.4532
37.5Hz11kN,Random Forest,303,0.2393,0.4566
37.5Hz11kN,Random Forest,304,0.2578,0.4608
37.5Hz11kN,Random Forest,305,0.275,0.4594
37.5Hz11kN,Random Forest,306,0.2643,0.4512
37.5Hz11kN,Random Forest,307,0.2303,0.4549
37.5Hz11kN,Random Forest,308,0.1903,0.4509
37.5Hz11kN,Random Forest,309,0.1511,0.4418
37.5Hz11kN,Random Forest,310,0.1111,0.4419
37.5Hz11kN,Random Forest,311,0.0887,0.4241
37.5Hz11kN,Random Forest,312,0.0883,0.4235
37.5Hz11kN,Random Forest,313,0.1056,0.4199
37.5Hz11kN,Random Forest,314,0.1278,0.4321
37.5Hz11kN,Random Forest,315,0.1295,0.4369
37.5Hz11kN,Random Forest,316,0.1086,0.431
37.5Hz11kN,Random Forest,317,0.1006,0.4321
37.5Hz11kN,Random Forest,318,0.0758,0.4245
37.5Hz11kN,BiLSTM+Attn,0,0.9847,0.7917
37.5Hz11kN,BiLSTM+Attn,1,0.9848,0.7895
37.5Hz11kN,BiLSTM+Attn,2,0.9849,0.786
37.5Hz11kN,BiLSTM+Attn,3,0.9855,0.7865
37.5Hz11kN,BiLSTM+Attn,4,0.9859,0.7875
37.5Hz11kN,BiLSTM+Attn,5,0.9857,0.7878
37.5Hz11kN,BiLSTM+Attn,6,0.9861,0.7867
37.5Hz11kN,BiLSTM+Attn,7,0.9859,0.7841
37.5Hz11kN,BiLSTM+Attn,8,0.9859,0.7831
37.5Hz11kN,BiLSTM+Attn,9,0.9864,0.7842
37.5Hz11kN,BiLSTM+Attn,10,0.9864,0.7827
37.5Hz11kN,BiLSTM+Attn,11,0.9864,0.7821
37.5Hz11kN,BiLSTM+Attn,12,0.9878,0.7819
37.5Hz11kN,BiLSTM+Attn,13,0.9881,0.7798
37.5Hz11kN,BiLSTM+Attn,14,0.9881,0.7809
37.5Hz11kN,BiLSTM+Attn,15,0.9891,0.7831
37.5Hz11kN,BiLSTM+Attn,16,0.9891,0.7851
37.5Hz11kN,BiLSTM+Attn,17,0.9883,0.7843
37.5Hz11kN,BiLSTM+Attn,18,0.989,0.7862
37.5Hz11kN,BiLSTM+Attn,19,0.9907,0.7847
37.5Hz11kN,BiLSTM+Attn,20,0.9913,0.7841
37.5Hz11kN,BiLSTM+Attn,21,0.9929,0.7841
37.5Hz11kN,BiLSTM+Attn,22,0.9944,0.784
37.5Hz11kN,BiLSTM+Attn,23,0.9954,0.784
37.5Hz11kN,BiLSTM+Attn,24,0.9949,0.7847
37.5Hz11kN,BiLSTM+Attn,25,0.9953,0.7851
37.5Hz11kN,BiLSTM+Attn,26,0.9947,0.7886
37.5Hz11kN,BiLSTM+Attn,27,0.9944,0.7876
37.5Hz11kN,BiLSTM+Attn,28,0.9944,0.7884
37.5Hz11kN,BiLSTM+Attn,29,0.994,0.7885
37.5Hz11kN,BiLSTM+Attn,30,0.9939,0.7868
37.5Hz11kN,BiLSTM+Attn,31,0.9935,0.7889
37.5Hz11kN,BiLSTM+Attn,32,0.9932,0.7879
37.5Hz11kN,BiLSTM+Attn,33,0.9923,0.7912
37.5Hz11kN,BiLSTM+Attn,34,0.9926,0.79
37.5Hz11kN,BiLSTM+Attn,35,0.9925,0.7887
37.5Hz11kN,BiLSTM+Attn,36,0.9934,0.7861
37.5Hz11kN,BiLSTM+Attn,37,0.9939,0.7876
37.5Hz11kN,BiLSTM+Attn,38,0.9948,0.7871
37.5Hz11kN,BiLSTM+Attn,39,0.9949,0.7881
37.5Hz11kN,BiLSTM+Attn,40,0.9946,0.7877
37.5Hz11kN,BiLSTM+Attn,41,0.9943,0.7863
37.5Hz11kN,BiLSTM+Attn,42,0.9939,0.7849
37.5Hz11kN,BiLSTM+Attn,43,0.994,0.7851
37.5Hz11kN,BiLSTM+Attn,44,0.995,0.7842
37.5Hz11kN,BiLSTM+Attn,45,0.9961,0.7829
37.5Hz11kN,BiLSTM+Attn,46,0.9961,0.7848
37.5Hz11kN,BiLSTM+Attn,47,0.9971,0.7858
37.5Hz11kN,BiLSTM+Attn,48,0.9965,0.7867
37.5Hz11kN,BiLSTM+Attn,49,0.9964,0.7884
37.5Hz11kN,BiLSTM+Attn,50,0.9954,0.7894
37.5Hz11kN,BiLSTM+Attn,51,0.9954,0.788
37.5Hz11kN,BiLSTM+Attn,52,0.9946,0.7862
37.5Hz11kN,BiLSTM+Attn,53,0.9947,0.7862
37.5Hz11kN,BiLSTM+Attn,54,0.9945,0.7853
37.5Hz11kN,BiLSTM+Attn,55,0.9946,0.7833
37.5Hz11kN,BiLSTM+Attn,56,0.9945,0.7862
37.5Hz11kN,BiLSTM+Attn,57,0.9947,0.7881
37.5Hz11kN,BiLSTM+Attn,58,0.9944,0.7884
37.5Hz11kN,BiLSTM+Attn,59,0.9946,0.7878
37.5Hz11kN,BiLSTM+Attn,60,0.995,0.7871
37.5Hz11kN,BiLSTM+Attn,61,0.9954,0.7883
37.5Hz11kN,BiLSTM+Attn,62,0.9953,0.7878
37.5Hz11kN,BiLSTM+Attn,63,0.9955,0.7879
37.5Hz11kN,BiLSTM+Attn,64,0.9951,0.7868
37.5Hz11kN,BiLSTM+Attn,65,0.9946,0.7867
37.5Hz11kN,BiLSTM+Attn,66,0.9952,0.7882
37.5Hz11kN,BiLSTM+Attn,67,0.996,0.7901
37.5Hz11kN,BiLSTM+Attn,68,0.9967,0.7896
37.5Hz11kN,BiLSTM+Attn,69,0.9967,0.79
37.5Hz11kN,BiLSTM+Attn,70,0.9966,0.7899
37.5Hz11kN,BiLSTM+Attn,71,0.996,0.79
37.5Hz11kN,BiLSTM+Attn,72,0.9956,0.7865
37.5Hz11kN,BiLSTM+Attn,73,0.995,0.7861
37.5Hz11kN,BiLSTM+Attn,74,0.9958,0.7849
37.5Hz11kN,BiLSTM+Attn,75,0.9963,0.7849
37.5Hz11kN,BiLSTM+Attn,76,0.9967,0.7857
37.5Hz11kN,BiLSTM+Attn,77,0.9967,0.7865
37.5Hz11kN,BiLSTM+Attn,78,0.9976,0.7855
37.5Hz11kN,BiLSTM+Attn,79,0.9977,0.784
37.5Hz11kN,BiLSTM+Attn,80,0.9981,0.7837
37.5Hz11kN,BiLSTM+Attn,81,0.9985,0.7841
37.5Hz11kN,BiLSTM+Attn,82,0.9993,0.7855
37.5Hz11kN,BiLSTM+Attn,83,0.999,0.7864
37.5Hz11kN,BiLSTM+Attn,84,0.9988,0.7873
37.5Hz11kN,BiLSTM+Attn,85,0.9984,0.7872
37.5Hz11kN,BiLSTM+Attn,86,0.9985,0.7893
37.5Hz11kN,BiLSTM+Attn,87,0.9986,0.7889
37.5Hz11kN,BiLSTM+Attn,88,0.9988,0.7884
37.5Hz11kN,BiLSTM+Attn,89,0.9983,0.7876
37.5Hz11kN,BiLSTM+Attn,90,0.998,0.7885
37.5Hz11kN,BiLSTM+Attn,91,0.9977,0.7895
37.5Hz11kN,BiLSTM+Attn,92,0.9969,0.7879
37.5Hz11kN,BiLSTM+Attn,93,0.9965,0.7865
37.5Hz11kN,BiLSTM+Attn,94,0.9968,0.7871
37.5Hz11kN,BiLSTM+Attn,95,0.9976,0.7846
37.5Hz11kN,BiLSTM+Attn,96,0.9969,0.7858
37.5Hz11kN,BiLSTM+Attn,97,0.9967,0.7848
37.5Hz11kN,BiLSTM+Attn,98,0.993,0.7868
37.5Hz11kN,BiLSTM+Attn,99,0.9872,0.7854
37.5Hz11kN,BiLSTM+Attn,100,0.9803,0.7848
37.5Hz11kN,BiLSTM+Attn,101,0.9743,0.7814
37.5Hz11kN,BiLSTM+Attn,102,0.9688,0.78
37.5Hz11kN,BiLSTM+Attn,103,0.9661,0.78
37.5Hz11kN,BiLSTM+Attn,104,0.9655,0.7797
37.5Hz11kN,BiLSTM+Attn,105,0.9656,0.7781
37.5Hz11kN,BiLSTM+Attn,106,0.9657,0.779
37.5Hz11kN,BiLSTM+Attn,107,0.9654,0.7796
37.5Hz11kN,BiLSTM+Attn,108,0.9649,0.7785
37.5Hz11kN,BiLSTM+Attn,109,0.9649,0.7797
37.5Hz11kN,BiLSTM+Attn,110,0.9646,0.7785
37.5Hz11kN,BiLSTM+Attn,111,0.964,0.7806
37.5Hz11kN,BiLSTM+Attn,112,0.9632,0.7799
37.5Hz11kN,BiLSTM+Attn,113,0.9632,0.7791
37.5Hz11kN,BiLSTM+Attn,114,0.9627,0.7789
37.5Hz11kN,BiLSTM+Attn,115,0.9618,0.7786
37.5Hz11kN,BiLSTM+Attn,116,0.9617,0.7773
37.5Hz11kN,BiLSTM+Attn,117,0.9619,0.7772
37.5Hz11kN,BiLSTM+Attn,118,0.9614,0.7753
37.5Hz11kN,BiLSTM+Attn,119,0.961,0.7732
37.5Hz11kN,BiLSTM+Attn,120,0.9612,0.7725
37.5Hz11kN,BiLSTM+Attn,121,0.9606,0.7715
37.5Hz11kN,BiLSTM+Attn,122,0.9602,0.7707
37.5Hz11kN,BiLSTM+Attn,123,0.9584,0.768
37.5Hz11kN,BiLSTM+Attn,124,0.9562,0.7652
37.5Hz11kN,BiLSTM+Attn,125,0.9537,0.7613
37.5Hz11kN,BiLSTM+Attn,126,0.9516,0.7623
37.5Hz11kN,BiLSTM+Attn,127,0.9492,0.7624
37.5Hz11kN,BiLSTM+Attn,128,0.9477,0.7631
37.5Hz11kN,BiLSTM+Attn,129,0.947,0.7632
37.5Hz11kN,BiLSTM+Attn,130,0.9465,0.7648
37.5Hz11kN,BiLSTM+Attn,131,0.9455,0.7648
37.5Hz11kN,BiLSTM+Attn,132,0.945,0.7637
37.5Hz11kN,BiLSTM+Attn,133,0.9453,0.7631
37.5Hz11kN,BiLSTM+Attn,134,0.9447,0.7621
37.5Hz11kN,BiLSTM+Attn,135,0.9442,0.762
37.5Hz11kN,BiLSTM+Attn,136,0.9439,0.7625
37.5Hz11kN,BiLSTM+Attn,137,0.9429,0.7625
37.5Hz11kN,BiLSTM+Attn,138,0.9422,0.762
37.5Hz11kN,BiLSTM+Attn,139,0.9414,0.7618
37.5Hz11kN,BiLSTM+Attn,140,0.941,0.7596
37.5Hz11kN,BiLSTM+Attn,141,0.9404,0.76
37.5Hz11kN,BiLSTM+Attn,142,0.9354,0.7586
37.5Hz11kN,BiLSTM+Attn,143,0.9298,0.7569
37.5Hz11kN,BiLSTM+Attn,144,0.9237,0.7545
37.5Hz11kN,BiLSTM+Attn,145,0.9172,0.748
37.5Hz11kN,BiLSTM+Attn,146,0.9086,0.7379
37.5Hz11kN,BiLSTM+Attn,147,0.9049,0.729
37.5Hz11kN,BiLSTM+Attn,148,0.901,0.7217
37.5Hz11kN,BiLSTM+Attn,149,0.8973,0.7144
37.5Hz11kN,BiLSTM+Attn,150,0.8937,0.7084
37.5Hz11kN,BiLSTM+Attn,151,0.8918,0.7021
37.5Hz11kN,BiLSTM+Attn,152,0.8896,0.6977
37.5Hz11kN,BiLSTM+Attn,153,0.8879,0.6931
37.5Hz11kN,BiLSTM+Attn,154,0.8861,0.6871
37.5Hz11kN,BiLSTM+Attn,155,0.8841,0.6835
37.5Hz11kN,BiLSTM+Attn,156,0.882,0.6856
37.5Hz11kN,BiLSTM+Attn,157,0.8797,0.6891
37.5Hz11kN,BiLSTM+Attn,158,0.8772,0.6905
37.5Hz11kN,BiLSTM+Attn,159,0.8748,0.6943
37.5Hz11kN,BiLSTM+Attn,160,0.8684,0.6918
37.5Hz11kN,BiLSTM+Attn,161,0.8596,0.6875
37.5Hz11kN,BiLSTM+Attn,162,0.8508,0.6802
37.5Hz11kN,BiLSTM+Attn,163,0.8399,0.6662
37.5Hz11kN,BiLSTM+Attn,164,0.8294,0.6539
37.5Hz11kN,BiLSTM+Attn,165,0.8222,0.6391
37.5Hz11kN,BiLSTM+Attn,166,0.8156,0.624
37.5Hz11kN,BiLSTM+Attn,167,0.8071,0.6137
37.5Hz11kN,BiLSTM+Attn,168,0.7941,0.6034
37.5Hz11kN,BiLSTM+Attn,169,0.7786,0.5962
37.5Hz11kN,BiLSTM+Attn,170,0.76,0.5886
37.5Hz11kN,BiLSTM+Attn,171,0.7399,0.5739
37.5Hz11kN,BiLSTM+Attn,172,0.7217,0.559
37.5Hz11kN,BiLSTM+Attn,173,0.7076,0.5454
37.5Hz11kN,BiLSTM+Attn,174,0.6965,0.5359
37.5Hz11kN,BiLSTM+Attn,175,0.6905,0.5279
37.5Hz11kN,BiLSTM+Attn,176,0.6863,0.5199
37.5Hz11kN,BiLSTM+Attn,177,0.6834,0.5143
37.5Hz11kN,BiLSTM+Attn,178,0.6804,0.5117
37.5Hz11kN,BiLSTM+Attn,179,0.682,0.5106
37.5Hz11kN,BiLSTM+Attn,180,0.6726,0.5097
37.5Hz11kN,BiLSTM+Attn,181,0.668,0.5075
37.5Hz11kN,BiLSTM+Attn,182,0.6633,0.5062
37.5Hz11kN,BiLSTM+Attn,183,0.6685,0.5012
37.5Hz11kN,BiLSTM+Attn,184,0.6804,0.4978
37.5Hz11kN,BiLSTM+Attn,185,0.7092,0.4989
37.5Hz11kN,BiLSTM+Attn,186,0.7391,0.5045
37.5Hz11kN,BiLSTM+Attn,187,0.7701,0.5143
37.5Hz11kN,BiLSTM+Attn,188,0.7948,0.5243
37.5Hz11kN,BiLSTM+Attn,189,0.807,0.5395
37.5Hz11kN,BiLSTM+Attn,190,0.8125,0.5548
37.5Hz11kN,BiLSTM+Attn,191,0.8152,0.5797
37.5Hz11kN,BiLSTM+Attn,192,0.8102,0.5932
37.5Hz11kN,BiLSTM+Attn,193,0.8038,0.5991
37.5Hz11kN,BiLSTM+Attn,194,0.7986,0.6027
37.5Hz11kN,BiLSTM+Attn,195,0.7952,0.6045
37.5Hz11kN,BiLSTM+Attn,196,0.7889,0.6039
37.5Hz11kN,BiLSTM+Attn,197,0.7884,0.6011
37.5Hz11kN,BiLSTM+Attn,198,0.7882,0.5975
37.5Hz11kN,BiLSTM+Attn,199,0.7903,0.5914
37.5Hz11kN,BiLSTM+Attn,200,0.7916,0.582
37.5Hz11kN,BiLSTM+Attn,201,0.7951,0.5753
37.5Hz11kN,BiLSTM+Attn,202,0.799,0.572
37.5Hz11kN,BiLSTM+Attn,203,0.8035,0.5723
37.5Hz11kN,BiLSTM+Attn,204,0.8062,0.5693
37.5Hz11kN,BiLSTM+Attn,205,0.8087,0.5682
37.5Hz11kN,BiLSTM+Attn,206,0.8003,0.565
37.5Hz11kN,BiLSTM+Attn,207,0.7883,0.5645
37.5Hz11kN,BiLSTM+Attn,208,0.775,0.5658
37.5Hz11kN,BiLSTM+Attn,209,0.7584,0.5493
37.5Hz11kN,BiLSTM+Attn,210,0.7392,0.5417
37.5Hz11kN,BiLSTM+Attn,211,0.7298,0.5365
37.5Hz11kN,BiLSTM+Attn,212,0.7242,0.532
37.5Hz11kN,BiLSTM+Attn,213,0.7177,0.5242
37.5Hz11kN,BiLSTM+Attn,214,0.7139,0.5197
37.5Hz11kN,BiLSTM+Attn,215,0.7038,0.5162
37.5Hz11kN,BiLSTM+Attn,216,0.6915,0.5136
37.5Hz11kN,BiLSTM+Attn,217,0.6766,0.5123
37.5Hz11kN,BiLSTM+Attn,218,0.6629,0.5051
37.5Hz11kN,BiLSTM+Attn,219,0.6479,0.4999
37.5Hz11kN,BiLSTM+Attn,220,0.642,0.497
37.5Hz11kN,BiLSTM+Attn,221,0.6323,0.4934
37.5Hz11kN,BiLSTM+Attn,222,0.6255,0.4902
37.5Hz11kN,BiLSTM+Attn,223,0.6205,0.4869
37.5Hz11kN,BiLSTM+Attn,224,0.6102,0.4851
37.5Hz11kN,BiLSTM+Attn,225,0.5988,0.4835
37.5Hz11kN,BiLSTM+Attn,226,0.5921,0.4828
37.5Hz11kN,BiLSTM+Attn,227,0.5838,0.4763
37.5Hz11kN,BiLSTM+Attn,228,0.573,0.4706
37.5Hz11kN,BiLSTM+Attn,229,0.5676,0.4651
37.5Hz11kN,BiLSTM+Attn,230,0.562,0.4574
37.5Hz11kN,BiLSTM+Attn,231,0.5568,0.4481
37.5Hz11kN,BiLSTM+Attn,232,0.5519,0.4397
37.5Hz11kN,BiLSTM+Attn,233,0.5464,0.4301
37.5Hz11kN,BiLSTM+Attn,234,0.5424,0.4232
37.5Hz11kN,BiLSTM+Attn,235,0.5429,0.4168
37.5Hz11kN,BiLSTM+Attn,236,0.5422,0.4116
37.5Hz11kN,BiLSTM+Attn,237,0.5411,0.412
37.5Hz11kN,BiLSTM+Attn,238,0.5413,0.417
37.5Hz11kN,BiLSTM+Attn,239,0.5391,0.4128
37.5Hz11kN,BiLSTM+Attn,240,0.5324,0.4031
37.5Hz11kN,BiLSTM+Attn,241,0.529,0.3956
37.5Hz11kN,BiLSTM+Attn,242,0.5281,0.3926
37.5Hz11kN,BiLSTM+Attn,243,0.5258,0.3885
37.5Hz11kN,BiLSTM+Attn,244,0.5205,0.3843
37.5Hz11kN,BiLSTM+Attn,245,0.5174,0.38
37.5Hz11kN,BiLSTM+Attn,246,0.5089,0.3597
37.5Hz11kN,BiLSTM+Attn,247,0.5006,0.3071
37.5Hz11kN,BiLSTM+Attn,248,0.4938,0.2729
37.5Hz11kN,BiLSTM+Attn,249,0.4906,0.2533
37.5Hz11kN,BiLSTM+Attn,250,0.4844,0.2436
37.5Hz11kN,BiLSTM+Attn,251,0.4775,0.2362
37.5Hz11kN,BiLSTM+Attn,252,0.4661,0.2306
37.5Hz11kN,BiLSTM+Attn,253,0.4588,0.2265
37.5Hz11kN,BiLSTM+Attn,254,0.4518,0.2217
37.5Hz11kN,BiLSTM+Attn,255,0.4416,0.2175
37.5Hz11kN,BiLSTM+Attn,256,0.4344,0.2161
37.5Hz11kN,BiLSTM+Attn,257,0.4291,0.2158
37.5Hz11kN,BiLSTM+Attn,258,0.4198,0.2141
37.5Hz11kN,BiLSTM+Attn,259,0.4363,0.2122
37.5Hz11kN,BiLSTM+Attn,260,0.4594,0.2109
37.5Hz11kN,BiLSTM+Attn,261,0.4786,0.2103
37.5Hz11kN,BiLSTM+Attn,262,0.4977,0.2158
37.5Hz11kN,BiLSTM+Attn,263,0.5147,0.2231
37.5Hz11kN,BiLSTM+Attn,264,0.5001,0.2287
37.5Hz11kN,BiLSTM+Attn,265,0.4821,0.2325
37.5Hz11kN,BiLSTM+Attn,266,0.4717,0.2345
37.5Hz11kN,BiLSTM+Attn,267,0.4647,0.2323
37.5Hz11kN,BiLSTM+Attn,268,0.4661,0.2295
37.5Hz11kN,BiLSTM+Attn,269,0.4754,0.2276
37.5Hz11kN,BiLSTM+Attn,270,0.4884,0.2272
37.5Hz11kN,BiLSTM+Attn,271,0.4918,0.2292
37.5Hz11kN,BiLSTM+Attn,272,0.4901,0.2285
37.5Hz11kN,BiLSTM+Attn,273,0.4824,0.2318
37.5Hz11kN,BiLSTM+Attn,274,0.4725,0.2299
37.5Hz11kN,BiLSTM+Attn,275,0.4571,0.2266
37.5Hz11kN,BiLSTM+Attn,276,0.4518,0.2239
37.5Hz11kN,BiLSTM+Attn,277,0.4479,0.2211
37.5Hz11kN,BiLSTM+Attn,278,0.4389,0.2175
37.5Hz11kN,BiLSTM+Attn,279,0.4331,0.2152
37.5Hz11kN,BiLSTM+Attn,280,0.4261,0.2134
37.5Hz11kN,BiLSTM+Attn,281,0.4097,0.2104
37.5Hz11kN,BiLSTM+Attn,282,0.3929,0.2092
37.5Hz11kN,BiLSTM+Attn,283,0.3773,0.208
37.5Hz11kN,BiLSTM+Attn,284,0.3563,0.2046
37.5Hz11kN,BiLSTM+Attn,285,0.334,0.2025
37.5Hz11kN,BiLSTM+Attn,286,0.3019,0.2001
37.5Hz11kN,BiLSTM+Attn,287,0.269,0.1968
37.5Hz11kN,BiLSTM+Attn,288,0.2436,0.1939
37.5Hz11kN,BiLSTM+Attn,289,0.2273,0.1832
37.5Hz11kN,BiLSTM+Attn,290,0.2128,0.1747
37.5Hz11kN,BiLSTM+Attn,291,0.2158,0.1709
37.5Hz11kN,BiLSTM+Attn,292,0.2182,0.1715
37.5Hz11kN,BiLSTM+Attn,293,0.2181,0.1726
37.5Hz11kN,BiLSTM+Attn,294,0.2096,0.1737
37.5Hz11kN,BiLSTM+Attn,295,0.2014,0.1742
37.5Hz11kN,BiLSTM+Attn,296,0.1917,0.1741
37.5Hz11kN,BiLSTM+Attn,297,0.1859,0.1736
37.5Hz11kN,BiLSTM+Attn,298,0.1805,0.1717
37.5Hz11kN,BiLSTM+Attn,299,0.1754,0.1697
37.5Hz11kN,BiLSTM+Attn,300,0.1705,0.169
37.5Hz11kN,BiLSTM+Attn,301,0.1904,0.1692
37.5Hz11kN,BiLSTM+Attn,302,0.2178,0.1687
37.5Hz11kN,BiLSTM+Attn,303,0.2393,0.169
37.5Hz11kN,BiLSTM+Attn,304,0.2578,0.1771
37.5Hz11kN,BiLSTM+Attn,305,0.275,0.1872
37.5Hz11kN,BiLSTM+Attn,306,0.2643,0.1943
37.5Hz11kN,BiLSTM+Attn,307,0.2303,0.1981
37.5Hz11kN,BiLSTM+Attn,308,0.1903,0.1991
37.5Hz11kN,BiLSTM+Attn,309,0.1511,0.1961
37.5Hz11kN,BiLSTM+Attn,310,0.1111,0.1871
37.5Hz11kN,BiLSTM+Attn,311,0.0887,0.1757
37.5Hz11kN,BiLSTM+Attn,312,0.0883,0.1672
37.5Hz11kN,BiLSTM+Attn,313,0.1056,0.1618
37.5Hz11kN,BiLSTM+Attn,314,0.1278,0.1609
37.5Hz11kN,BiLSTM+Attn,315,0.1295,0.1641
37.5Hz11kN,BiLSTM+Attn,316,0.1086,0.1667
37.5Hz11kN,BiLSTM+Attn,317,0.1006,0.1698
37.5Hz11kN,BiLSTM+Attn,318,0.0758,0.1636
37.5Hz11kN,CNN-BiLSTM+Attn,0,0.9847,0.7314
37.5Hz11kN,CNN-BiLSTM+Attn,1,0.9848,0.7324
37.5Hz11kN,CNN-BiLSTM+Attn,2,0.9849,0.7305
37.5Hz11kN,CNN-BiLSTM+Attn,3,0.9855,0.7329
37.5Hz11kN,CNN-BiLSTM+Attn,4,0.9859,0.7335
37.5Hz11kN,CNN-BiLSTM+Attn,5,0.9857,0.7368
37.5Hz11kN,CNN-BiLSTM+Attn,6,0.9861,0.7343
37.5Hz11kN,CNN-BiLSTM+Attn,7,0.9859,0.7336
37.5Hz11kN,CNN-BiLSTM+Attn,8,0.9859,0.7384
37.5Hz11kN,CNN-BiLSTM+Attn,9,0.9864,0.7423
37.5Hz11kN,CNN-BiLSTM+Attn,10,0.9864,0.739
37.5Hz11kN,CNN-BiLSTM+Attn,11,0.9864,0.7336
37.5Hz11kN,CNN-BiLSTM+Attn,12,0.9878,0.7384
37.5Hz11kN,CNN-BiLSTM+Attn,13,0.9881,0.7408
37.5Hz11kN,CNN-BiLSTM+Attn,14,0.9881,0.7421
37.5Hz11kN,CNN-BiLSTM+Attn,15,0.9891,0.7461
37.5Hz11kN,CNN-BiLSTM+Attn,16,0.9891,0.7472
37.5Hz11kN,CNN-BiLSTM+Attn,17,0.9883,0.7438
37.5Hz11kN,CNN-BiLSTM+Attn,18,0.989,0.7436
37.5Hz11kN,CNN-BiLSTM+Attn,19,0.9907,0.7436
37.5Hz11kN,CNN-BiLSTM+Attn,20,0.9913,0.7421
37.5Hz11kN,CNN-BiLSTM+Attn,21,0.9929,0.7449
37.5Hz11kN,CNN-BiLSTM+Attn,22,0.9944,0.7456
37.5Hz11kN,CNN-BiLSTM+Attn,23,0.9954,0.7434
37.5Hz11kN,CNN-BiLSTM+Attn,24,0.9949,0.7462
37.5Hz11kN,CNN-BiLSTM+Attn,25,0.9953,0.7455
37.5Hz11kN,CNN-BiLSTM+Attn,26,0.9947,0.7481
37.5Hz11kN,CNN-BiLSTM+Attn,27,0.9944,0.7459
37.5Hz11kN,CNN-BiLSTM+Attn,28,0.9944,0.7464
37.5Hz11kN,CNN-BiLSTM+Attn,29,0.994,0.7478
37.5Hz11kN,CNN-BiLSTM+Attn,30,0.9939,0.7468
37.5Hz11kN,CNN-BiLSTM+Attn,31,0.9935,0.7473
37.5Hz11kN,CNN-BiLSTM+Attn,32,0.9932,0.7449
37.5Hz11kN,CNN-BiLSTM+Attn,33,0.9923,0.7446
37.5Hz11kN,CNN-BiLSTM+Attn,34,0.9926,0.7453
37.5Hz11kN,CNN-BiLSTM+Attn,35,0.9925,0.7462
37.5Hz11kN,CNN-BiLSTM+Attn,36,0.9934,0.7435
37.5Hz11kN,CNN-BiLSTM+Attn,37,0.9939,0.7401
37.5Hz11kN,CNN-BiLSTM+Attn,38,0.9948,0.7435
37.5Hz11kN,CNN-BiLSTM+Attn,39,0.9949,0.7456
37.5Hz11kN,CNN-BiLSTM+Attn,40,0.9946,0.7445
37.5Hz11kN,CNN-BiLSTM+Attn,41,0.9943,0.7415
37.5Hz11kN,CNN-BiLSTM+Attn,42,0.9939,0.7414
37.5Hz11kN,CNN-BiLSTM+Attn,43,0.994,0.7405
37.5Hz11kN,CNN-BiLSTM+Attn,44,0.995,0.7431
37.5Hz11kN,CNN-BiLSTM+Attn,45,0.9961,0.7462
37.5Hz11kN,CNN-BiLSTM+Attn,46,0.9961,0.7508
37.5Hz11kN,CNN-BiLSTM+Attn,47,0.9971,0.7493
37.5Hz11kN,CNN-BiLSTM+Attn,48,0.9965,0.7468
37.5Hz11kN,CNN-BiLSTM+Attn,49,0.9964,0.7462
37.5Hz11kN,CNN-BiLSTM+Attn,50,0.9954,0.744
37.5Hz11kN,CNN-BiLSTM+Attn,51,0.9954,0.7418
37.5Hz11kN,CNN-BiLSTM+Attn,52,0.9946,0.7412
37.5Hz11kN,CNN-BiLSTM+Attn,53,0.9947,0.7425
37.5Hz11kN,CNN-BiLSTM+Attn,54,0.9945,0.747
37.5Hz11kN,CNN-BiLSTM+Attn,55,0.9946,0.7492
37.5Hz11kN,CNN-BiLSTM+Attn,56,0.9945,0.7517
37.5Hz11kN,CNN-BiLSTM+Attn,57,0.9947,0.752
37.5Hz11kN,CNN-BiLSTM+Attn,58,0.9944,0.7503
37.5Hz11kN,CNN-BiLSTM+Attn,59,0.9946,0.7479
37.5Hz11kN,CNN-BiLSTM+Attn,60,0.995,0.7451
37.5Hz11kN,CNN-BiLSTM+Attn,61,0.9954,0.7466
37.5Hz11kN,CNN-BiLSTM+Attn,62,0.9953,0.7484
37.5Hz11kN,CNN-BiLSTM+Attn,63,0.9955,0.7464
37.5Hz11kN,CNN-BiLSTM+Attn,64,0.9951,0.7445
37.5Hz11kN,CNN-BiLSTM+Attn,65,0.9946,0.7446
37.5Hz11kN,CNN-BiLSTM+Attn,66,0.9952,0.7451
37.5Hz11kN,CNN-BiLSTM+Attn,67,0.996,0.7426
37.5Hz11kN,CNN-BiLSTM+Attn,68,0.9967,0.7433
37.5Hz11kN,CNN-BiLSTM+Attn,69,0.9967,0.7439
37.5Hz11kN,CNN-BiLSTM+Attn,70,0.9966,0.742
37.5Hz11kN,CNN-BiLSTM+Attn,71,0.996,0.7419
37.5Hz11kN,CNN-BiLSTM+Attn,72,0.9956,0.7391
37.5Hz11kN,CNN-BiLSTM+Attn,73,0.995,0.7369
37.5Hz11kN,CNN-BiLSTM+Attn,74,0.9958,0.7358
37.5Hz11kN,CNN-BiLSTM+Attn,75,0.9963,0.7369
37.5Hz11kN,CNN-BiLSTM+Attn,76,0.9967,0.7341
37.5Hz11kN,CNN-BiLSTM+Attn,77,0.9967,0.7367
37.5Hz11kN,CNN-BiLSTM+Attn,78,0.9976,0.7344
37.5Hz11kN,CNN-BiLSTM+Attn,79,0.9977,0.7305
37.5Hz11kN,CNN-BiLSTM+Attn,80,0.9981,0.7344
37.5Hz11kN,CNN-BiLSTM+Attn,81,0.9985,0.7451
37.5Hz11kN,CNN-BiLSTM+Attn,82,0.9993,0.7494
37.5Hz11kN,CNN-BiLSTM+Attn,83,0.999,0.7484
37.5Hz11kN,CNN-BiLSTM+Attn,84,0.9988,0.7451
37.5Hz11kN,CNN-BiLSTM+Attn,85,0.9984,0.745
37.5Hz11kN,CNN-BiLSTM+Attn,86,0.9985,0.7455
37.5Hz11kN,CNN-BiLSTM+Attn,87,0.9986,0.7407
37.5Hz11kN,CNN-BiLSTM+Attn,88,0.9988,0.7357
37.5Hz11kN,CNN-BiLSTM+Attn,89,0.9983,0.7334
37.5Hz11kN,CNN-BiLSTM+Attn,90,0.998,0.737
37.5Hz11kN,CNN-BiLSTM+Attn,91,0.9977,0.7413
37.5Hz11kN,CNN-BiLSTM+Attn,92,0.9969,0.7389
37.5Hz11kN,CNN-BiLSTM+Attn,93,0.9965,0.7366
37.5Hz11kN,CNN-BiLSTM+Attn,94,0.9968,0.7411
37.5Hz11kN,CNN-BiLSTM+Attn,95,0.9976,0.7413
37.5Hz11kN,CNN-BiLSTM+Attn,96,0.9969,0.7393
37.5Hz11kN,CNN-BiLSTM+Attn,97,0.9967,0.7361
37.5Hz11kN,CNN-BiLSTM+Attn,98,0.993,0.7372
37.5Hz11kN,CNN-BiLSTM+Attn,99,0.9872,0.7359
37.5Hz11kN,CNN-BiLSTM+Attn,100,0.9803,0.7322
37.5Hz11kN,CNN-BiLSTM+Attn,101,0.9743,0.7083
37.5Hz11kN,CNN-BiLSTM+Attn,102,0.9688,0.6936
37.5Hz11kN,CNN-BiLSTM+Attn,103,0.9661,0.6885
37.5Hz11kN,CNN-BiLSTM+Attn,104,0.9655,0.6901
37.5Hz11kN,CNN-BiLSTM+Attn,105,0.9656,0.6883
37.5Hz11kN,CNN-BiLSTM+Attn,106,0.9657,0.6735
37.5Hz11kN,CNN-BiLSTM+Attn,107,0.9654,0.672
37.5Hz11kN,CNN-BiLSTM+Attn,108,0.9649,0.6915
37.5Hz11kN,CNN-BiLSTM+Attn,109,0.9649,0.6876
37.5Hz11kN,CNN-BiLSTM+Attn,110,0.9646,0.6781
37.5Hz11kN,CNN-BiLSTM+Attn,111,0.964,0.679
37.5Hz11kN,CNN-BiLSTM+Attn,112,0.9632,0.6882
37.5Hz11kN,CNN-BiLSTM+Attn,113,0.9632,0.6964
37.5Hz11kN,CNN-BiLSTM+Attn,114,0.9627,0.7055
37.5Hz11kN,CNN-BiLSTM+Attn,115,0.9618,0.7196
37.5Hz11kN,CNN-BiLSTM+Attn,116,0.9617,0.7172
37.5Hz11kN,CNN-BiLSTM+Attn,117,0.9619,0.7125
37.5Hz11kN,CNN-BiLSTM+Attn,118,0.9614,0.7066
37.5Hz11kN,CNN-BiLSTM+Attn,119,0.961,0.7042
37.5Hz11kN,CNN-BiLSTM+Attn,120,0.9612,0.7019
37.5Hz11kN,CNN-BiLSTM+Attn,121,0.9606,0.7043
37.5Hz11kN,CNN-BiLSTM+Attn,122,0.9602,0.71
37.5Hz11kN,CNN-BiLSTM+Attn,123,0.9584,0.7081
37.5Hz11kN,CNN-BiLSTM+Attn,124,0.9562,0.7006
37.5Hz11kN,CNN-BiLSTM+Attn,125,0.9537,0.6928
37.5Hz11kN,CNN-BiLSTM+Attn,126,0.9516,0.7076
37.5Hz11kN,CNN-BiLSTM+Attn,127,0.9492,0.7184
37.5Hz11kN,CNN-BiLSTM+Attn,128,0.9477,0.7179
37.5Hz11kN,CNN-BiLSTM+Attn,129,0.947,0.7099
37.5Hz11kN,CNN-BiLSTM+Attn,130,0.9465,0.7119
37.5Hz11kN,CNN-BiLSTM+Attn,131,0.9455,0.7159
37.5Hz11kN,CNN-BiLSTM+Attn,132,0.945,0.7183
37.5Hz11kN,CNN-BiLSTM+Attn,133,0.9453,0.7181
37.5Hz11kN,CNN-BiLSTM+Attn,134,0.9447,0.7213
37.5Hz11kN,CNN-BiLSTM+Attn,135,0.9442,0.7229
37.5Hz11kN,CNN-BiLSTM+Attn,136,0.9439,0.7268
37.5Hz11kN,CNN-BiLSTM+Attn,137,0.9429,0.73
37.5Hz11kN,CNN-BiLSTM+Attn,138,0.9422,0.7288
37.5Hz11kN,CNN-BiLSTM+Attn,139,0.9414,0.7258
37.5Hz11kN,CNN-BiLSTM+Attn,140,0.941,0.731
37.5Hz11kN,CNN-BiLSTM+Attn,141,0.9404,0.7352
37.5Hz11kN,CNN-BiLSTM+Attn,142,0.9354,0.7259
37.5Hz11kN,CNN-BiLSTM+Attn,143,0.9298,0.7092
37.5Hz11kN,CNN-BiLSTM+Attn,144,0.9237,0.7025
37.5Hz11kN,CNN-BiLSTM+Attn,145,0.9172,0.6831
37.5Hz11kN,CNN-BiLSTM+Attn,146,0.9086,0.668
37.5Hz11kN,CNN-BiLSTM+Attn,147,0.9049,0.6378
37.5Hz11kN,CNN-BiLSTM+Attn,148,0.901,0.6037
37.5Hz11kN,CNN-BiLSTM+Attn,149,0.8973,0.5673
37.5Hz11kN,CNN-BiLSTM+Attn,150,0.8937,0.5494
37.5Hz11kN,CNN-BiLSTM+Attn,151,0.8918,0.5419
37.5Hz11kN,CNN-BiLSTM+Attn,152,0.8896,0.5341
37.5Hz11kN,CNN-BiLSTM+Attn,153,0.8879,0.5267
37.5Hz11kN,CNN-BiLSTM+Attn,154,0.8861,0.5193
37.5Hz11kN,CNN-BiLSTM+Attn,155,0.8841,0.5123
37.5Hz11kN,CNN-BiLSTM+Attn,156,0.882,0.5066
37.5Hz11kN,CNN-BiLSTM+Attn,157,0.8797,0.5026
37.5Hz11kN,CNN-BiLSTM+Attn,158,0.8772,0.499
37.5Hz11kN,CNN-BiLSTM+Attn,159,0.8748,0.4944
37.5Hz11kN,CNN-BiLSTM+Attn,160,0.8684,0.4898
37.5Hz11kN,CNN-BiLSTM+Attn,161,0.8596,0.4876
37.5Hz11kN,CNN-BiLSTM+Attn,162,0.8508,0.4858
37.5Hz11kN,CNN-BiLSTM+Attn,163,0.8399,0.4852
37.5Hz11kN,CNN-BiLSTM+Attn,164,0.8294,0.4846
37.5Hz11kN,CNN-BiLSTM+Attn,165,0.8222,0.4838
37.5Hz11kN,CNN-BiLSTM+Attn,166,0.8156,0.4827
37.5Hz11kN,CNN-BiLSTM+Attn,167,0.8071,0.482
37.5Hz11kN,CNN-BiLSTM+Attn,168,0.7941,0.4806
37.5Hz11kN,CNN-BiLSTM+Attn,169,0.7786,0.4741
37.5Hz11kN,CNN-BiLSTM+Attn,170,0.76,0.4608
37.5Hz11kN,CNN-BiLSTM+Attn,171,0.7399,0.4349
37.5Hz11kN,CNN-BiLSTM+Attn,172,0.7217,0.4153
37.5Hz11kN,CNN-BiLSTM+Attn,173,0.7076,0.4036
37.5Hz11kN,CNN-BiLSTM+Attn,174,0.6965,0.3953
37.5Hz11kN,CNN-BiLSTM+Attn,175,0.6905,0.3902
37.5Hz11kN,CNN-BiLSTM+Attn,176,0.6863,0.3814
37.5Hz11kN,CNN-BiLSTM+Attn,177,0.6834,0.3726
37.5Hz11kN,CNN-BiLSTM+Attn,178,0.6804,0.3689
37.5Hz11kN,CNN-BiLSTM+Attn,179,0.682,0.3643
37.5Hz11kN,CNN-BiLSTM+Attn,180,0.6726,0.3591
37.5Hz11kN,CNN-BiLSTM+Attn,181,0.668,0.3537
37.5Hz11kN,CNN-BiLSTM+Attn,182,0.6633,0.3491
37.5Hz11kN,CNN-BiLSTM+Attn,183,0.6685,0.3414
37.5Hz11kN,CNN-BiLSTM+Attn,184,0.6804,0.3344
37.5Hz11kN,CNN-BiLSTM+Attn,185,0.7092,0.3307
37.5Hz11kN,CNN-BiLSTM+Attn,186,0.7391,0.3303
37.5Hz11kN,CNN-BiLSTM+Attn,187,0.7701,0.3358
37.5Hz11kN,CNN-BiLSTM+Attn,188,0.7948,0.345
37.5Hz11kN,CNN-BiLSTM+Attn,189,0.807,0.3526
37.5Hz11kN,CNN-BiLSTM+Attn,190,0.8125,0.3602
37.5Hz11kN,CNN-BiLSTM+Attn,191,0.8152,0.3674
37.5Hz11kN,CNN-BiLSTM+Attn,192,0.8102,0.3734
37.5Hz11kN,CNN-BiLSTM+Attn,193,0.8038,0.3773
37.5Hz11kN,CNN-BiLSTM+Attn,194,0.7986,0.3809
37.5Hz11kN,CNN-BiLSTM+Attn,195,0.7952,0.3795
37.5Hz11kN,CNN-BiLSTM+Attn,196,0.7889,0.3746
37.5Hz11kN,CNN-BiLSTM+Attn,197,0.7884,0.3699
37.5Hz11kN,CNN-BiLSTM+Attn,198,0.7882,0.366
37.5Hz11kN,CNN-BiLSTM+Attn,199,0.7903,0.363
37.5Hz11kN,CNN-BiLSTM+Attn,200,0.7916,0.3599
37.5Hz11kN,CNN-BiLSTM+Attn,201,0.7951,0.3584
37.5Hz11kN,CNN-BiLSTM+Attn,202,0.799,0.3584
37.5Hz11kN,CNN-BiLSTM+Attn,203,0.8035,0.3563
37.5Hz11kN,CNN-BiLSTM+Attn,204,0.8062,0.3562
37.5Hz11kN,CNN-BiLSTM+Attn,205,0.8087,0.355
37.5Hz11kN,CNN-BiLSTM+Attn,206,0.8003,0.3545
37.5Hz11kN,CNN-BiLSTM+Attn,207,0.7883,0.3547
37.5Hz11kN,CNN-BiLSTM+Attn,208,0.775,0.3564
37.5Hz11kN,CNN-BiLSTM+Attn,209,0.7584,0.3503
37.5Hz11kN,CNN-BiLSTM+Attn,210,0.7392,0.3415
37.5Hz11kN,CNN-BiLSTM+Attn,211,0.7298,0.3375
37.5Hz11kN,CNN-BiLSTM+Attn,212,0.7242,0.3299
37.5Hz11kN,CNN-BiLSTM+Attn,213,0.7177,0.3252
37.5Hz11kN,CNN-BiLSTM+Attn,214,0.7139,0.3224
37.5Hz11kN,CNN-BiLSTM+Attn,215,0.7038,0.3212
37.5Hz11kN,CNN-BiLSTM+Attn,216,0.6915,0.3212
37.5Hz11kN,CNN-BiLSTM+Attn,217,0.6766,0.3229
37.5Hz11kN,CNN-BiLSTM+Attn,218,0.6629,0.3211
37.5Hz11kN,CNN-BiLSTM+Attn,219,0.6479,0.3197
37.5Hz11kN,CNN-BiLSTM+Attn,220,0.642,0.3213
37.5Hz11kN,CNN-BiLSTM+Attn,221,0.6323,0.3206
37.5Hz11kN,CNN-BiLSTM+Attn,222,0.6255,0.316
37.5Hz11kN,CNN-BiLSTM+Attn,223,0.6205,0.313
37.5Hz11kN,CNN-BiLSTM+Attn,224,0.6102,0.3015
37.5Hz11kN,CNN-BiLSTM+Attn,225,0.5988,0.2926
37.5Hz11kN,CNN-BiLSTM+Attn,226,0.5921,0.2824
37.5Hz11kN,CNN-BiLSTM+Attn,227,0.5838,0.256
37.5Hz11kN,CNN-BiLSTM+Attn,228,0.573,0.2388
37.5Hz11kN,CNN-BiLSTM+Attn,229,0.5676,0.232
37.5Hz11kN,CNN-BiLSTM+Attn,230,0.562,0.2274
37.5Hz11kN,CNN-BiLSTM+Attn,231,0.5568,0.2219
37.5Hz11kN,CNN-BiLSTM+Attn,232,0.5519,0.2178
37.5Hz11kN,CNN-BiLSTM+Attn,233,0.5464,0.214
37.5Hz11kN,CNN-BiLSTM+Attn,234,0.5424,0.2108
37.5Hz11kN,CNN-BiLSTM+Attn,235,0.5429,0.2094
37.5Hz11kN,CNN-BiLSTM+Attn,236,0.5422,0.2037
37.5Hz11kN,CNN-BiLSTM+Attn,237,0.5411,0.1999
37.5Hz11kN,CNN-BiLSTM+Attn,238,0.5413,0.2049
37.5Hz11kN,CNN-BiLSTM+Attn,239,0.5391,0.2167
37.5Hz11kN,CNN-BiLSTM+Attn,240,0.5324,0.2211
37.5Hz11kN,CNN-BiLSTM+Attn,241,0.529,0.229
37.5Hz11kN,CNN-BiLSTM+Attn,242,0.5281,0.2383
37.5Hz11kN,CNN-BiLSTM+Attn,243,0.5258,0.2453
37.5Hz11kN,CNN-BiLSTM+Attn,244,0.5205,0.2508
37.5Hz11kN,CNN-BiLSTM+Attn,245,0.5174,0.256
37.5Hz11kN,CNN-BiLSTM+Attn,246,0.5089,0.2599
37.5Hz11kN,CNN-BiLSTM+Attn,247,0.5006,0.2629
37.5Hz11kN,CNN-BiLSTM+Attn,248,0.4938,0.2612
37.5Hz11kN,CNN-BiLSTM+Attn,249,0.4906,0.264
37.5Hz11kN,CNN-BiLSTM+Attn,250,0.4844,0.2699
37.5Hz11kN,CNN-BiLSTM+Attn,251,0.4775,0.2716
37.5Hz11kN,CNN-BiLSTM+Attn,252,0.4661,0.2721
37.5Hz11kN,CNN-BiLSTM+Attn,253,0.4588,0.2703
37.5Hz11kN,CNN-BiLSTM+Attn,254,0.4518,0.2511
37.5Hz11kN,CNN-BiLSTM+Attn,255,0.4416,0.2293
37.5Hz11kN,CNN-BiLSTM+Attn,256,0.4344,0.218
37.5Hz11kN,CNN-BiLSTM+Attn,257,0.4291,0.2146
37.5Hz11kN,CNN-BiLSTM+Attn,258,0.4198,0.2097
37.5Hz11kN,CNN-BiLSTM+Attn,259,0.4363,0.1843
37.5Hz11kN,CNN-BiLSTM+Attn,260,0.4594,0.1528
37.5Hz11kN,CNN-BiLSTM+Attn,261,0.4786,0.1329
37.5Hz11kN,CNN-BiLSTM+Attn,262,0.4977,0.1633
37.5Hz11kN,CNN-BiLSTM+Attn,263,0.5147,0.2357
37.5Hz11kN,CNN-BiLSTM+Attn,264,0.5001,0.2367
37.5Hz11kN,CNN-BiLSTM+Attn,265,0.4821,0.2273
37.5Hz11kN,CNN-BiLSTM+Attn,266,0.4717,0.1952
37.5Hz11kN,CNN-BiLSTM+Attn,267,0.4647,0.1433
37.5Hz11kN,CNN-BiLSTM+Attn,268,0.4661,0.1168
37.5Hz11kN,CNN-BiLSTM+Attn,269,0.4754,0.1036
37.5Hz11kN,CNN-BiLSTM+Attn,270,0.4884,0.0981
37.5Hz11kN,CNN-BiLSTM+Attn,271,0.4918,0.0949
37.5Hz11kN,CNN-BiLSTM+Attn,272,0.4901,0.0929
37.5Hz11kN,CNN-BiLSTM+Attn,273,0.4824,0.0943
37.5Hz11kN,CNN-BiLSTM+Attn,274,0.4725,0.0926
37.5Hz11kN,CNN-BiLSTM+Attn,275,0.4571,0.0878
37.5Hz11kN,CNN-BiLSTM+Attn,276,0.4518,0.0842
37.5Hz11kN,CNN-BiLSTM+Attn,277,0.4479,0.0812
37.5Hz11kN,CNN-BiLSTM+Attn,278,0.4389,0.0786
37.5Hz11kN,CNN-BiLSTM+Attn,279,0.4331,0.0771
37.5Hz11kN,CNN-BiLSTM+Attn,280,0.4261,0.0764
37.5Hz11kN,CNN-BiLSTM+Attn,281,0.4097,0.0763
37.5Hz11kN,CNN-BiLSTM+Attn,282,0.3929,0.0774
37.5Hz11kN,CNN-BiLSTM+Attn,283,0.3773,0.0788
37.5Hz11kN,CNN-BiLSTM+Attn,284,0.3563,0.0797
37.5Hz11kN,CNN-BiLSTM+Attn,285,0.334,0.0802
37.5Hz11kN,CNN-BiLSTM+Attn,286,0.3019,0.0801
37.5Hz11kN,CNN-BiLSTM+Attn,287,0.269,0.0801
37.5Hz11kN,CNN-BiLSTM+Attn,288,0.2436,0.0815
37.5Hz11kN,CNN-BiLSTM+Attn,289,0.2273,0.0839
37.5Hz11kN,CNN-BiLSTM+Attn,290,0.2128,0.0866
37.5Hz11kN,CNN-BiLSTM+Attn,291,0.2158,0.089
37.5Hz11kN,CNN-BiLSTM+Attn,292,0.2182,0.0914
37.5Hz11kN,CNN-BiLSTM+Attn,293,0.2181,0.0945
37.5Hz11kN,CNN-BiLSTM+Attn,294,0.2096,0.0969
37.5Hz11kN,CNN-BiLSTM+Attn,295,0.2014,0.0984
37.5Hz11kN,CNN-BiLSTM+Attn,296,0.1917,0.0994
37.5Hz11kN,CNN-BiLSTM+Attn,297,0.1859,0.1008
37.5Hz11kN,CNN-BiLSTM+Attn,298,0.1805,0.1021
37.5Hz11kN,CNN-BiLSTM+Attn,299,0.1754,0.1029
37.5Hz11kN,CNN-BiLSTM+Attn,300,0.1705,0.1026
37.5Hz11kN,CNN-BiLSTM+Attn,301,0.1904,0.1017
37.5Hz11kN,CNN-BiLSTM+Attn,302,0.2178,0.1018
37.5Hz11kN,CNN-BiLSTM+Attn,303,0.2393,0.1025
37.5Hz11kN,CNN-BiLSTM+Attn,304,0.2578,0.1028
37.5Hz11kN,CNN-BiLSTM+Attn,305,0.275,0.1023
37.5Hz11kN,CNN-BiLSTM+Attn,306,0.2643,0.103
37.5Hz11kN,CNN-BiLSTM+Attn,307,0.2303,0.1054
37.5Hz11kN,CNN-BiLSTM+Attn,308,0.1903,0.1073
37.5Hz11kN,CNN-BiLSTM+Attn,309,0.1511,0.1091
37.5Hz11kN,CNN-BiLSTM+Attn,310,0.1111,0.1124
37.5Hz11kN,CNN-BiLSTM+Attn,311,0.0887,0.1171
37.5Hz11kN,CNN-BiLSTM+Attn,312,0.0883,0.1213
37.5Hz11kN,CNN-BiLSTM+Attn,313,0.1056,0.1244
37.5Hz11kN,CNN-BiLSTM+Attn,314,0.1278,0.1263
37.5Hz11kN,CNN-BiLSTM+Attn,315,0.1295,0.1275
37.5Hz11kN,CNN-BiLSTM+Attn,316,0.1086,0.1274
37.5Hz11kN,CNN-BiLSTM+Attn,317,0.1006,0.1279
37.5Hz11kN,CNN-BiLSTM+Attn,318,0.0758,0.1309
40Hz10kN,Random Forest,0,0.803,0.6295
40Hz10kN,Random Forest,1,0.7875,0.6286
40Hz10kN,Random Forest,2,0.7691,0.5938
40Hz10kN,Random Forest,3,0.7503,0.5367
40Hz10kN,Random Forest,4,0.7352,0.521
40Hz10kN,Random Forest,5,0.7284,0.5085
40Hz10kN,Random Forest,6,0.7234,0.4962
40Hz10kN,Random Forest,7,0.7107,0.4913
40Hz10kN,Random Forest,8,0.6958,0.4731
40Hz10kN,Random Forest,9,0.6794,0.4632
40Hz10kN,Random Forest,10,0.658,0.4365
40Hz10kN,Random Forest,11,0.636,0.4238
40Hz10kN,Random Forest,12,0.6264,0.4045
40Hz10kN,Random Forest,13,0.6182,0.3793
40Hz10kN,Random Forest,14,0.6146,0.3776
40Hz10kN,Random Forest,15,0.6157,0.3507
40Hz10kN,Random Forest,16,0.6121,0.3364
40Hz10kN,Random Forest,17,0.6075,0.3518
40Hz10kN,Random Forest,18,0.6028,0.3647
40Hz10kN,Random Forest,19,0.5945,0.3823
40Hz10kN,Random Forest,20,0.5851,0.3746
40Hz10kN,Random Forest,21,0.5811,0.3872
40Hz10kN,Random Forest,22,0.5777,0.3671
40Hz10kN,Random Forest,23,0.5744,0.3564
40Hz10kN,Random Forest,24,0.5716,0.3501
40Hz10kN,Random Forest,25,0.5735,0.3609
40Hz10kN,Random Forest,26,0.5789,0.3879
40Hz10kN,Random Forest,27,0.5913,0.3798
40Hz10kN,Random Forest,28,0.6058,0.3941
40Hz10kN,Random Forest,29,0.62,0.4307
40Hz10kN,Random Forest,30,0.6315,0.4661
40Hz10kN,Random Forest,31,0.6385,0.4831
40Hz10kN,Random Forest,32,0.639,0.475
40Hz10kN,Random Forest,33,0.6373,0.4687
40Hz10kN,Random Forest,34,0.6362,0.4545
40Hz10kN,Random Forest,35,0.633,0.4533
40Hz10kN,Random Forest,36,0.6311,0.4471
40Hz10kN,Random Forest,37,0.628,0.4707
40Hz10kN,Random Forest,38,0.6246,0.4626
40Hz10kN,Random Forest,39,0.622,0.4329
40Hz10kN,Random Forest,40,0.6221,0.437
40Hz10kN,Random Forest,41,0.6228,0.4543
40Hz10kN,Random Forest,42,0.6233,0.4421
40Hz10kN,Random Forest,43,0.6252,0.4462
40Hz10kN,Random Forest,44,0.627,0.4326
40Hz10kN,Random Forest,45,0.6287,0.4393
40Hz10kN,Random Forest,46,0.6307,0.4622
40Hz10kN,Random Forest,47,0.6334,0.4675
40Hz10kN,Random Forest,48,0.6363,0.4592
40Hz10kN,Random Forest,49,0.6157,0.4639
40Hz10kN,Random Forest,50,0.5849,0.4668
40Hz10kN,Random Forest,51,0.5441,0.4515
40Hz10kN,Random Forest,52,0.4994,0.4505
40Hz10kN,Random Forest,53,0.4508,0.4336
40Hz10kN,Random Forest,54,0.4253,0.4368
40Hz10kN,Random Forest,55,0.4386,0.455
40Hz10kN,Random Forest,56,0.4586,0.4661
40Hz10kN,Random Forest,57,0.4872,0.4723
40Hz10kN,Random Forest,58,0.516,0.4695
40Hz10kN,Random Forest,59,0.5453,0.454
40Hz10kN,Random Forest,60,0.5376,0.4659
40Hz10kN,Random Forest,61,0.5327,0.4679
40Hz10kN,Random Forest,62,0.5429,0.4713
40Hz10kN,Random Forest,63,0.5464,0.4634
40Hz10kN,Random Forest,64,0.5313,0.4568
40Hz10kN,Random Forest,65,0.5201,0.443
40Hz10kN,Random Forest,66,0.5076,0.4396
40Hz10kN,Random Forest,67,0.4786,0.4259
40Hz10kN,Random Forest,68,0.459,0.4483
40Hz10kN,Random Forest,69,0.4538,0.4684
40Hz10kN,Random Forest,70,0.4484,0.4859
40Hz10kN,Random Forest,71,0.4323,0.4964
40Hz10kN,Random Forest,72,0.4017,0.4817
40Hz10kN,Random Forest,73,0.3703,0.4901
40Hz10kN,Random Forest,74,0.338,0.4704
40Hz10kN,Random Forest,75,0.3056,0.4662
40Hz10kN,Random Forest,76,0.2723,0.4626
40Hz10kN,Random Forest,77,0.2482,0.4587
40Hz10kN,Random Forest,78,0.2186,0.4507
40Hz10kN,Random Forest,79,0.1937,0.4659
40Hz10kN,Random Forest,80,0.1714,0.4569
40Hz10kN,Random Forest,81,0.1614,0.4846
40Hz10kN,Random Forest,82,0.1548,0.4838
40Hz10kN,Random Forest,83,0.1511,0.4957
40Hz10kN,Random Forest,84,0.1485,0.4896
40Hz10kN,Random Forest,85,0.1454,0.486
40Hz10kN,Random Forest,86,0.1415,0.4906
40Hz10kN,Random Forest,87,0.1334,0.4902
40Hz10kN,Random Forest,88,0.1246,0.4962
40Hz10kN,Random Forest,89,0.1147,0.4954
40Hz10kN,Random Forest,90,0.1026,0.5106
40Hz10kN,Random Forest,91,0.076,0.5023
40Hz10kN,Random Forest,92,0.0658,0.506
40Hz10kN,Random Forest,93,0.056,0.5087
40Hz10kN,BiLSTM+Attn,0,0.803,0.5988
40Hz10kN,BiLSTM+Attn,1,0.7875,0.5881
40Hz10kN,BiLSTM+Attn,2,0.7691,0.5854
40Hz10kN,BiLSTM+Attn,3,0.7503,0.5705
40Hz10kN,BiLSTM+Attn,4,0.7352,0.5623
40Hz10kN,BiLSTM+Attn,5,0.7284,0.5566
40Hz10kN,BiLSTM+Attn,6,0.7234,0.5478
40Hz10kN,BiLSTM+Attn,7,0.7107,0.5431
40Hz10kN,BiLSTM+Attn,8,0.6958,0.5387
40Hz10kN,BiLSTM+Attn,9,0.6794,0.5375
40Hz10kN,BiLSTM+Attn,10,0.658,0.5217
40Hz10kN,BiLSTM+Attn,11,0.636,0.4941
40Hz10kN,BiLSTM+Attn,12,0.6264,0.4573
40Hz10kN,BiLSTM+Attn,13,0.6182,0.4114
40Hz10kN,BiLSTM+Attn,14,0.6146,0.3657
40Hz10kN,BiLSTM+Attn,15,0.6157,0.3315
40Hz10kN,BiLSTM+Attn,16,0.6121,0.3021
40Hz10kN,BiLSTM+Attn,17,0.6075,0.2831
40Hz10kN,BiLSTM+Attn,18,0.6028,0.2676
40Hz10kN,BiLSTM+Attn,19,0.5945,0.2475
40Hz10kN,BiLSTM+Attn,20,0.5851,0.235
40Hz10kN,BiLSTM+Attn,21,0.5811,0.2254
40Hz10kN,BiLSTM+Attn,22,0.5777,0.2165
40Hz10kN,BiLSTM+Attn,23,0.5744,0.2056
40Hz10kN,BiLSTM+Attn,24,0.5716,0.1946
40Hz10kN,BiLSTM+Attn,25,0.5735,0.1875
40Hz10kN,BiLSTM+Attn,26,0.5789,0.1812
40Hz10kN,BiLSTM+Attn,27,0.5913,0.1813
40Hz10kN,BiLSTM+Attn,28,0.6058,0.184
40Hz10kN,BiLSTM+Attn,29,0.62,0.1851
40Hz10kN,BiLSTM+Attn,30,0.6315,0.1956
40Hz10kN,BiLSTM+Attn,31,0.6385,0.2094
40Hz10kN,BiLSTM+Attn,32,0.639,0.2226
40Hz10kN,BiLSTM+Attn,33,0.6373,0.2271
40Hz10kN,BiLSTM+Attn,34,0.6362,0.2359
40Hz10kN,BiLSTM+Attn,35,0.633,0.2451
40Hz10kN,BiLSTM+Attn,36,0.6311,0.2583
40Hz10kN,BiLSTM+Attn,37,0.628,0.272
40Hz10kN,BiLSTM+Attn,38,0.6246,0.2812
40Hz10kN,BiLSTM+Attn,39,0.622,0.2835
40Hz10kN,BiLSTM+Attn,40,0.6221,0.287
40Hz10kN,BiLSTM+Attn,41,0.6228,0.2964
40Hz10kN,BiLSTM+Attn,42,0.6233,0.3016
40Hz10kN,BiLSTM+Attn,43,0.6252,0.3072
40Hz10kN,BiLSTM+Attn,44,0.627,0.3016
40Hz10kN,BiLSTM+Attn,45,0.6287,0.2968
40Hz10kN,BiLSTM+Attn,46,0.6307,0.2978
40Hz10kN,BiLSTM+Attn,47,0.6334,0.2961
40Hz10kN,BiLSTM+Attn,48,0.6363,0.2962
40Hz10kN,BiLSTM+Attn,49,0.6157,0.2996
40Hz10kN,BiLSTM+Attn,50,0.5849,0.2991
40Hz10kN,BiLSTM+Attn,51,0.5441,0.2945
40Hz10kN,BiLSTM+Attn,52,0.4994,0.262
40Hz10kN,BiLSTM+Attn,53,0.4508,0.222
40Hz10kN,BiLSTM+Attn,54,0.4253,0.1767
40Hz10kN,BiLSTM+Attn,55,0.4386,0.1266
40Hz10kN,BiLSTM+Attn,56,0.4586,0.0961
40Hz10kN,BiLSTM+Attn,57,0.4872,0.0782
40Hz10kN,BiLSTM+Attn,58,0.516,0.076
40Hz10kN,BiLSTM+Attn,59,0.5453,0.0756
40Hz10kN,BiLSTM+Attn,60,0.5376,0.0786
40Hz10kN,BiLSTM+Attn,61,0.5327,0.083
40Hz10kN,BiLSTM+Attn,62,0.5429,0.0878
40Hz10kN,BiLSTM+Attn,63,0.5464,0.0888
40Hz10kN,BiLSTM+Attn,64,0.5313,0.0921
40Hz10kN,BiLSTM+Attn,65,0.5201,0.0982
40Hz10kN,BiLSTM+Attn,66,0.5076,0.0983
40Hz10kN,BiLSTM+Attn,67,0.4786,0.0883
40Hz10kN,BiLSTM+Attn,68,0.459,0.0828
40Hz10kN,BiLSTM+Attn,69,0.4538,0.0776
40Hz10kN,BiLSTM+Attn,70,0.4484,0.0745
40Hz10kN,BiLSTM+Attn,71,0.4323,0.0714
40Hz10kN,BiLSTM+Attn,72,0.4017,0.0697
40Hz10kN,BiLSTM+Attn,73,0.3703,0.0686
40Hz10kN,BiLSTM+Attn,74,0.338,0.0658
40Hz10kN,BiLSTM+Attn,75,0.3056,0.0629
40Hz10kN,BiLSTM+Attn,76,0.2723,0.0597
40Hz10kN,BiLSTM+Attn,77,0.2482,0.0568
40Hz10kN,BiLSTM+Attn,78,0.2186,0.0539
40Hz10kN,BiLSTM+Attn,79,0.1937,0.0503
40Hz10kN,BiLSTM+Attn,80,0.1714,0.0472
40Hz10kN,BiLSTM+Attn,81,0.1614,0.0449
40Hz10kN,BiLSTM+Attn,82,0.1548,0.0437
40Hz10kN,BiLSTM+Attn,83,0.1511,0.0426
40Hz10kN,BiLSTM+Attn,84,0.1485,0.042
40Hz10kN,BiLSTM+Attn,85,0.1454,0.0417
40Hz10kN,BiLSTM+Attn,86,0.1415,0.0412
40Hz10kN,BiLSTM+Attn,87,0.1334,0.0409
40Hz10kN,BiLSTM+Attn,88,0.1246,0.0405
40Hz10kN,BiLSTM+Attn,89,0.1147,0.0403
40Hz10kN,BiLSTM+Attn,90,0.1026,0.0399
40Hz10kN,BiLSTM+Attn,91,0.076,0.0397
40Hz10kN,BiLSTM+Attn,92,0.0658,0.0394
40Hz10kN,BiLSTM+Attn,93,0.056,0.039
40Hz10kN,CNN-BiLSTM+Attn,0,0.803,0.4092
40Hz10kN,CNN-BiLSTM+Attn,1,0.7875,0.4074
40Hz10kN,CNN-BiLSTM+Attn,2,0.7691,0.405
40Hz10kN,CNN-BiLSTM+Attn,3,0.7503,0.4031
40Hz10kN,CNN-BiLSTM+Attn,4,0.7352,0.4012
40Hz10kN,CNN-BiLSTM+Attn,5,0.7284,0.3921
40Hz10kN,CNN-BiLSTM+Attn,6,0.7234,0.3831
40Hz10kN,CNN-BiLSTM+Attn,7,0.7107,0.3762
40Hz10kN,CNN-BiLSTM+Attn,8,0.6958,0.3692
40Hz10kN,CNN-BiLSTM+Attn,9,0.6794,0.3593
40Hz10kN,CNN-BiLSTM+Attn,10,0.658,0.3407
40Hz10kN,CNN-BiLSTM+Attn,11,0.636,0.3249
40Hz10kN,CNN-BiLSTM+Attn,12,0.6264,0.3208
40Hz10kN,CNN-BiLSTM+Attn,13,0.6182,0.3229
40Hz10kN,CNN-BiLSTM+Attn,14,0.6146,0.3265
40Hz10kN,CNN-BiLSTM+Attn,15,0.6157,0.326
40Hz10kN,CNN-BiLSTM+Attn,16,0.6121,0.3207
40Hz10kN,CNN-BiLSTM+Attn,17,0.6075,0.3156
40Hz10kN,CNN-BiLSTM+Attn,18,0.6028,0.3108
40Hz10kN,CNN-BiLSTM+Attn,19,0.5945,0.3054
40Hz10kN,CNN-BiLSTM+Attn,20,0.5851,0.2981
40Hz10kN,CNN-BiLSTM+Attn,21,0.5811,0.2894
40Hz10kN,CNN-BiLSTM+Attn,22,0.5777,0.2826
40Hz10kN,CNN-BiLSTM+Attn,23,0.5744,0.2802
40Hz10kN,CNN-BiLSTM+Attn,24,0.5716,0.2779
40Hz10kN,CNN-BiLSTM+Attn,25,0.5735,0.2764
40Hz10kN,CNN-BiLSTM+Attn,26,0.5789,0.2747
40Hz10kN,CNN-BiLSTM+Attn,27,0.5913,0.2713
40Hz10kN,CNN-BiLSTM+Attn,28,0.6058,0.2685
40Hz10kN,CNN-BiLSTM+Attn,29,0.62,0.2676
40Hz10kN,CNN-BiLSTM+Attn,30,0.6315,0.2677
40Hz10kN,CNN-BiLSTM+Attn,31,0.6385,0.2682
40Hz10kN,CNN-BiLSTM+Attn,32,0.639,0.269
40Hz10kN,CNN-BiLSTM+Attn,33,0.6373,0.2689
40Hz10kN,CNN-BiLSTM+Attn,34,0.6362,0.2687
40Hz10kN,CNN-BiLSTM+Attn,35,0.633,0.2683
40Hz10kN,CNN-BiLSTM+Attn,36,0.6311,0.2683
40Hz10kN,CNN-BiLSTM+Attn,37,0.628,0.2682
40Hz10kN,CNN-BiLSTM+Attn,38,0.6246,0.2686
40Hz10kN,CNN-BiLSTM+Attn,39,0.622,0.2694
40Hz10kN,CNN-BiLSTM+Attn,40,0.6221,0.2696
40Hz10kN,CNN-BiLSTM+Attn,41,0.6228,0.2697
40Hz10kN,CNN-BiLSTM+Attn,42,0.6233,0.2699
40Hz10kN,CNN-BiLSTM+Attn,43,0.6252,0.2707
40Hz10kN,CNN-BiLSTM+Attn,44,0.627,0.2714
40Hz10kN,CNN-BiLSTM+Attn,45,0.6287,0.2724
40Hz10kN,CNN-BiLSTM+Attn,46,0.6307,0.2741
40Hz10kN,CNN-BiLSTM+Attn,47,0.6334,0.2754
40Hz10kN,CNN-BiLSTM+Attn,48,0.6363,0.2772
40Hz10kN,CNN-BiLSTM+Attn,49,0.6157,0.2784
40Hz10kN,CNN-BiLSTM+Attn,50,0.5849,0.2768
40Hz10kN,CNN-BiLSTM+Attn,51,0.5441,0.2749
40Hz10kN,CNN-BiLSTM+Attn,52,0.4994,0.2748
40Hz10kN,CNN-BiLSTM+Attn,53,0.4508,0.2763
40Hz10kN,CNN-BiLSTM+Attn,54,0.4253,0.2776
40Hz10kN,CNN-BiLSTM+Attn,55,0.4386,0.2787
40Hz10kN,CNN-BiLSTM+Attn,56,0.4586,0.2786
40Hz10kN,CNN-BiLSTM+Attn,57,0.4872,0.2788
40Hz10kN,CNN-BiLSTM+Attn,58,0.516,0.2797
40Hz10kN,CNN-BiLSTM+Attn,59,0.5453,0.2813
40Hz10kN,CNN-BiLSTM+Attn,60,0.5376,0.2819
40Hz10kN,CNN-BiLSTM+Attn,61,0.5327,0.2813
40Hz10kN,CNN-BiLSTM+Attn,62,0.5429,0.2813
40Hz10kN,CNN-BiLSTM+Attn,63,0.5464,0.2811
40Hz10kN,CNN-BiLSTM+Attn,64,0.5313,0.2824
40Hz10kN,CNN-BiLSTM+Attn,65,0.5201,0.2825
40Hz10kN,CNN-BiLSTM+Attn,66,0.5076,0.2812
40Hz10kN,CNN-BiLSTM+Attn,67,0.4786,0.2805
40Hz10kN,CNN-BiLSTM+Attn,68,0.459,0.2791
40Hz10kN,CNN-BiLSTM+Attn,69,0.4538,0.2762
40Hz10kN,CNN-BiLSTM+Attn,70,0.4484,0.2731
40Hz10kN,CNN-BiLSTM+Attn,71,0.4323,0.2714
40Hz10kN,CNN-BiLSTM+Attn,72,0.4017,0.2712
40Hz10kN,CNN-BiLSTM+Attn,73,0.3703,0.2711
40Hz10kN,CNN-BiLSTM+Attn,74,0.338,0.2715
40Hz10kN,CNN-BiLSTM+Attn,75,0.3056,0.2724
40Hz10kN,CNN-BiLSTM+Attn,76,0.2723,0.2741
40Hz10kN,CNN-BiLSTM+Attn,77,0.2482,0.2778
40Hz10kN,CNN-BiLSTM+Attn,78,0.2186,0.2807
40Hz10kN,CNN-BiLSTM+Attn,79,0.1937,0.2828
40Hz10kN,CNN-BiLSTM+Attn,80,0.1714,0.2811
40Hz10kN,CNN-BiLSTM+Attn,81,0.1614,0.2794
40Hz10kN,CNN-BiLSTM+Attn,82,0.1548,0.2794
40Hz10kN,CNN-BiLSTM+Attn,83,0.1511,0.2801
40Hz10kN,CNN-BiLSTM+Attn,84,0.1485,0.2795
40Hz10kN,CNN-BiLSTM+Attn,85,0.1454,0.2785
40Hz10kN,CNN-BiLSTM+Attn,86,0.1415,0.2785
40Hz10kN,CNN-BiLSTM+Attn,87,0.1334,0.2789
40Hz10kN,CNN-BiLSTM+Attn,88,0.1246,0.2791
40Hz10kN,CNN-BiLSTM+Attn,89,0.1147,0.2796
40Hz10kN,CNN-BiLSTM+Attn,90,0.1026,0.2801
40Hz10kN,CNN-BiLSTM+Attn,91,0.076,0.2807
40Hz10kN,CNN-BiLSTM+Attn,92,0.0658,0.2811
40Hz10kN,CNN-BiLSTM+Attn,93,0.056,0.2812
